movieId,title,genres,year
73268,Daybreakers (2010),Action|Drama|Horror|Thriller,2010.0
73319,Leap Year (2010),Comedy|Romance,2010.0
73321,"Book of Eli, The (2010)",Action|Adventure|Drama,2010.0
73744,If You Love (Jos rakastat) (2010),Drama|Musical|Romance,2010.0
73929,Legion (2010),Action|Fantasy|Horror|Thriller,2010.0
74115,Dante's Inferno Animated (2010),Action|Animation|Fantasy,2010.0
74131,Extraordinary Measures (2010),Drama,2010.0
74154,When in Rome (2010),Comedy|Romance,2010.0
74156,Edge of Darkness (2010),Drama|Thriller,2010.0
74450,Valentine's Day (2010),Comedy|Romance,2010.0
74452,"Wolfman, The (2010)",Horror|Thriller,2010.0
74458,Shutter Island (2010),Drama|Mystery|Thriller,2010.0
74530,Percy Jackson & the Olympians: The Lightning Thief (2010),Adventure|Fantasy,2010.0
74532,Cop Out (2010),Action|Comedy|Crime,2010.0
74545,"Ghost Writer, The (2010)",Drama|Mystery|Thriller,2010.0
74580,"Spy Next Door, The (2010)",Action|Children|Comedy,2010.0
74595,Blood Done Sign My Name (2010),Drama,2010.0
74675,Pudana Last of the Line (Sukunsa viimeinen) (2010),Drama,2010.0
74679,In the Shadow of Doubt (Epäilyksen varjossa) (2010),Documentary,2010.0
74685,"Crazies, The (2010)",Action|Drama|Horror|Sci-Fi|Thriller,2010.0
74688,Dear John (2010),Drama|Romance|War,2010.0
74698,Tooth Fairy (2010),Comedy|Fantasy,2010.0
74787,My Name is Khan (2010),Drama|Romance,2010.0
74789,Alice in Wonderland (2010),Adventure|Fantasy|IMAX,2010.0
74795,Green Zone (2010),Action|Drama|Thriller|War,2010.0
74851,From Paris with Love (2010),Action|Crime,2010.0
74916,Greenberg (2010),Comedy|Drama,2010.0
74944,Brooklyn's Finest (2010),Crime|Drama|Thriller,2010.0
74946,She's Out of My League (2010),Comedy,2010.0
75341,Remember Me (2010),Drama|Romance,2010.0
75395,Frozen (2010),Drama|Horror|Thriller,2010.0
75803,Our Family Wedding (2010),Comedy,2010.0
75805,"Bounty Hunter, The (2010)",Action|Comedy|Romance,2010.0
75985,Repo Men (2010),Action|Sci-Fi|Thriller,2010.0
76077,Hot Tub Time Machine (2010),Comedy|Sci-Fi,2010.0
76093,How to Train Your Dragon (2010),Adventure|Animation|Children|Fantasy|IMAX,2010.0
76175,Clash of the Titans (2010),Action|Adventure|Drama|Fantasy,2010.0
76217,Bass Ackwards (2010),Drama,2010.0
76251,Kick-Ass (2010),Action|Comedy,2010.0
76293,Date Night (2010),Action|Comedy|Romance,2010.0
76738,Steam of Life (Miesten vuoro) (2010),Documentary,2010.0
76753,"Final, The (2010)",Drama|Horror|Thriller,2010.0
76763,"Runaways, The (2010)",Drama|Musical,2010.0
77191,Death at a Funeral (2010),Comedy,2010.0
77206,Diary of a Wimpy Kid (2010),Children|Comedy,2010.0
77364,"Losers, The (2010)",Action|Adventure|Drama|Mystery|Thriller,2010.0
77414,"Last Song, The (2010)",Drama|Romance,2010.0
77421,Cyrus (2010),Comedy|Drama|Romance,2010.0
77455,Exit Through the Gift Shop (2010),Comedy|Documentary,2010.0
77561,Iron Man 2 (2010),Action|Adventure|Sci-Fi|Thriller|IMAX,2010.0
77629,Reindeerspotting - Pako joulumaasta (2010),Documentary,2010.0
77665,Marmaduke (2010),Comedy,2010.0
77667,MacGruber (2010),Action|Comedy,2010.0
77672,Ca$h (2010),Crime|Thriller,2010.0
77798,"Nightmare on Elm Street, A (2010)",Fantasy|Horror|Thriller,2010.0
77800,Four Lions (2010),Comedy|Drama,2010.0
77818,Gunless (2010),Action|Comedy|Drama|Western,2010.0
77820,Furry Vengeance (2010),Children|Comedy,2010.0
77833,Armadillo (2010),Documentary|Drama,2010.0
77837,You Don't Know Jack (2010),Drama,2010.0
77866,Robin Hood (2010),Action|Adventure|Drama|Romance|War,2010.0
78034,Cemetery Junction (2010),Comedy|Drama|Romance,2010.0
78039,Blue Valentine (2010),Drama|Romance,2010.0
78041,Killers (2010),Action|Comedy,2010.0
78088,Buried (2010),Mystery|Thriller,2010.0
78105,Prince of Persia: The Sands of Time (2010),Action|Adventure|Fantasy|Romance|IMAX,2010.0
78116,Please Give (2010),Comedy|Drama,2010.0
78128,True Legend (Su Qi-Er) (2010),Action|Drama,2010.0
78174,Sex and the City 2 (2010),Comedy|Drama|Romance,2010.0
78209,Get Him to the Greek (2010),Comedy,2010.0
78218,Unthinkable (2010),Drama|Thriller,2010.0
78247,"Drawn Together Movie: The Movie!, The (2010)",Animation|Comedy,2010.0
78251,Friendship! (2010),Comedy,2010.0
78264,"Back-up Plan, The (2010)",Comedy|Romance,2010.0
78290,Burnt by the Sun 2 (Utomlyonnye solntsem 2) (2010),Drama,2010.0
78316,Letters to Juliet (2010),Drama|Romance,2010.0
78410,Chance Pe Dance (2010),Comedy|Drama|Romance,2010.0
78467,Jonah Hex (2010),Action|Drama|Thriller|Western,2010.0
78469,"A-Team, The (2010)",Action|Comedy|Thriller,2010.0
78499,Toy Story 3 (2010),Adventure|Animation|Children|Comedy|Fantasy|IMAX,2010.0
78517,Joan Rivers: A Piece of Work (2010),Documentary,2010.0
78574,Winter's Bone (2010),Drama|Thriller,2010.0
78633,Casino Jack and the United States of Money (2010),Documentary,2010.0
78637,Shrek Forever After (a.k.a. Shrek: The Final Chapter) (2010),Adventure|Animation|Children|Comedy|Fantasy|IMAX,2010.0
78679,"Killer Inside Me, The (2010)",Crime|Drama|Thriller|Western,2010.0
78759,"Special Relationship, The (2010)",Drama,2010.0
78772,"Twilight Saga: Eclipse, The (2010)",Fantasy|Romance|Thriller|IMAX,2010.0
78871,"Genesis Found, A (2010)",Adventure|Mystery,2010.0
78873,Accident on Hill Road (2010),Crime|Drama|Thriller,2010.0
78893,"Last Airbender, The (2010)",Action|Adventure|Fantasy,2010.0
78974,Malice N Wonderland (2010),Drama|Musical,2010.0
78976,Stones in Exile (2010),Documentary|Musical,2010.0
79057,Predators (2010),Action|Sci-Fi|Thriller,2010.0
79091,Despicable Me (2010),Animation|Children|Comedy|Crime,2010.0
79132,Inception (2010),Action|Crime|Drama|Mystery|Sci-Fi|Thriller|IMAX,2010.0
79134,Grown Ups (2010),Comedy,2010.0
79139,"Sorcerer's Apprentice, The (2010)",Action|Adventure|Children|Comedy|Fantasy,2010.0
79185,Knight and Day (2010),Action|Comedy|Romance,2010.0
79224,"Karate Kid, The (2010)",Action|Children|Drama,2010.0
79242,"Kids Are All Right, The (2010)",Comedy|Drama,2010.0
79251,"Serbian Film, A (Srpski film) (2010)",Horror|Thriller,2010.0
79293,Salt (2010),Action|Thriller,2010.0
79428,Dinner for Schmucks (2010),Comedy,2010.0
79430,8: The Mormon Proposition (2010),Documentary,2010.0
79463,Nanny McPhee Returns (a.k.a. Nanny McPhee and the Big Bang) (2010),Children|Comedy|Fantasy,2010.0
79515,Farsan (2010),Comedy,2010.0
79553,Ip Man 2 (2010),Action,2010.0
79570,Lucky (2010),Documentary,2010.0
79572,Ramona and Beezus (2010),Children|Comedy,2010.0
79588,Charlie St. Cloud (2010),Drama|Fantasy|Romance,2010.0
79592,"Other Guys, The (2010)",Action|Comedy,2010.0
79599,Operation Endgame (2010),Action|Comedy|Drama,2010.0
79695,"Expendables, The (2010)",Action|Adventure|Thriller,2010.0
79702,Scott Pilgrim vs. the World (2010),Action|Comedy|Fantasy|Musical|Romance,2010.0
79720,Animal Kingdom (2010),Crime|Drama,2010.0
79741,See What I'm Saying: The Deaf Entertainers Documentary (2010),Documentary,2010.0
79769,Raajneeti (2010),Crime|Drama|Romance,2010.0
79796,Centurion (2010),Action|Adventure|Drama|Thriller|War,2010.0
79824,Babies (Bébé(s)) (2010),Documentary,2010.0
79842,For Neda (2010),Documentary,2010.0
79850,12th & Delaware (2010),Documentary,2010.0
79860,"Experiment, The (2010)",Drama|Thriller,2010.0
79870,Smash His Camera (2010),Documentary,2010.0
79879,Piranha (Piranha 3D) (2010),Action|Horror|Thriller,2010.0
79895,"Extraordinary Adventures of Adèle Blanc-Sec, The (2010)",Action|Adventure|Fantasy|Mystery,2010.0
79974,Pyaar Impossible (2010),Comedy|Romance,2010.0
79987,Gainsbourg (Vie Héroïque) (2010),Drama|Musical|Romance,2010.0
80026,Tekken (2010),Action|Sci-Fi,2010.0
80054,Blood into Wine (2010),Documentary,2010.0
80094,"Last Exorcism, The (2010)",Horror|Thriller,2010.0
80126,"American, The (2010)",Drama|Thriller,2010.0
80137,If God Is Willing and da Creek Don't Rise (2010),Documentary,2010.0
80166,"Switch, The (2010)",Comedy|Romance,2010.0
80185,GasLand (2010),Documentary,2010.0
80193,No One Dies in Lily Dale (2010),Documentary,2010.0
80204,Vesku from Finland (Vesku) (2010),Documentary,2010.0
80219,Machete (2010),Action|Adventure|Comedy|Crime|Thriller,2010.0
80222,Step Up 3D (2010),Drama|Romance,2010.0
80233,"Truth, The (2010) ",Thriller,2010.0
80241,Going the Distance (2010),Comedy|Romance,2010.0
80271,Four Stories of St. Julian (2010) ,Crime|Thriller,2010.0
80350,Vampires Suck (2010),Comedy,2010.0
80363,Resident Evil: Afterlife (2010),Action|Horror|Sci-Fi|Thriller|IMAX,2010.0
80376,Preacher's Kid (2010),Drama,2010.0
80398,22 Bullets (L'immortel) (2010),Action|Crime|Thriller,2010.0
80454,Princess (Prinsessa) (2010),Drama,2010.0
80463,"Social Network, The (2010)",Drama,2010.0
80489,"Town, The (2010)",Crime|Drama|Thriller,2010.0
80498,Some Days Are Better Than Others (2010),Drama,2010.0
80549,Easy A (2010),Comedy|Romance,2010.0
80551,Eat Pray Love (2010),Drama|Romance,2010.0
80553,Howl (2010),Drama,2010.0
80557,Camp Hell (2010),Thriller,2010.0
80572,I'm Still Here (2010),Comedy|Drama,2010.0
80586,Flipped (2010),Comedy|Drama|Romance,2010.0
80588,IMAX: Hubble 3D (2010),Documentary|IMAX,2010.0
80590,Wall Street: Money Never Sleeps (2010),Drama,2010.0
80615,Legend of the Guardians: The Owls of Ga'Hoole (2010),Adventure|Animation|Fantasy|IMAX,2010.0
80617,Cats & Dogs: The Revenge of Kitty Galore (2010),Action|Children|Comedy,2010.0
80655,Amigo (2010),Drama|War,2010.0
80680,Monga (2010),Crime|Drama,2010.0
80693,It's Kind of a Funny Story (2010),Comedy|Drama,2010.0
80715,Just Like Us (2010),Comedy|Documentary,2010.0
80775,Tamara Drewe (2010),Comedy|Drama|Romance,2010.0
80779,Every Day (2010),Comedy|Drama,2010.0
80820,My Girlfriend's Boyfriend (2010),Comedy|Romance,2010.0
80831,Let Me In (2010),Drama|Horror|Mystery,2010.0
80834,Sintel (2010),Animation|Fantasy,2010.0
80839,Secretariat (2010),Adventure|Drama,2010.0
80846,Devil (2010),Horror|Mystery|Thriller,2010.0
80858,You Again (2010),Comedy,2010.0
80860,Life as We Know It (2010),Comedy|Romance,2010.0
80862,Catfish (2010),Documentary|Mystery,2010.0
80864,You Will Meet a Tall Dark Stranger (2010),Comedy|Romance,2010.0
80880,Stone (2010),Drama|Thriller,2010.0
80906,Inside Job (2010),Documentary,2010.0
80917,Monsters (2010),Drama|Sci-Fi,2010.0
80928,David Cross: Bigger & Blackerer (2010),Comedy|Documentary,2010.0
80939,Conviction (2010),Drama,2010.0
80969,Never Let Me Go (2010),Drama|Romance|Sci-Fi,2010.0
81018,"Illusionist, The (L'illusionniste) (2010)",Animation,2010.0
81080,Lost Boys: The Thirst (2010),Horror|Thriller,2010.0
81083,Kaboom (2010),Comedy|Sci-Fi,2010.0
81111,Peepli Live (2010),Comedy|Drama,2010.0
81132,Rubber (2010),Action|Adventure|Comedy|Crime|Drama|Film-Noir|Horror|Mystery|Thriller|Western,2010.0
81138,7 Days (Les 7 jours du talion) (2010),Thriller,2010.0
81140,6 Souls (Shelter) (2010),Horror|Mystery|Thriller,2010.0
81156,Jackass 3D (2010),Action|Comedy|Documentary,2010.0
81158,Restrepo (2010),Documentary|War,2010.0
81162,Road Kill (2010),Horror|Thriller,2010.0
81180,30 Days of Night: Dark Days (2010),Horror|Thriller,2010.0
81182,No Mercy (Yongseoneun Eupda) (2010),Thriller,2010.0
81191,Waiting for 'Superman' (2010),Documentary,2010.0
81229,Red (2010),Action|Comedy,2010.0
81257,In a Better World (Hævnen) (2010),Drama,2010.0
81270,My Soul to Take (2010),Horror|Thriller,2010.0
81330,My Kidnapper (2010),Documentary,2010.0
81383,Heartbreaker (L'Arnacoeur) (2010),Comedy|Romance,2010.0
81385,Of Gods and Men (Des hommes et des dieux) (2010),Drama,2010.0
81417,Paranormal Activity 2 (2010),Horror|IMAX,2010.0
81427,Born to Raise Hell (2010),Action,2010.0
81429,"Maze, The (2010)",Horror,2010.0
81451,Night Wolf (2010),Action|Horror,2010.0
81456,Heartbeats (Les amours imaginaires) (2010),Drama|Romance,2010.0
81512,Hereafter (2010),Drama|Fantasy,2010.0
81516,Black Death (2010),Adventure|Drama|Horror|Mystery,2010.0
81520,Undisputed III: Redemption (2010),Action|Crime|Drama,2010.0
81535,Saw VII 3D - The Final Chapter (2010),Horror|Mystery|Thriller,2010.0
81537,Due Date (2010),Comedy,2010.0
81562,127 Hours (2010),Adventure|Drama|Thriller,2010.0
81564,Megamind (2010),Action|Animation|Children|Comedy|Sci-Fi|IMAX,2010.0
81591,Black Swan (2010),Drama|Thriller,2010.0
81637,"Turtle's Tale: Sammy's Adventures, A (2010)",Adventure|Animation,2010.0
81639,Jack Goes Boating (2010),Comedy|Romance,2010.0
81641,Fair Game (2010),Drama|Thriller,2010.0
81711,Scared Shrekless (2010),Adventure|Animation|Comedy,2010.0
81725,How I Ended This Summer (Kak ya provyol etim letom) (2010),Drama,2010.0
81727,Thieves by Law (Ganavim Ba Hok) (2010),Documentary,2010.0
81744,"King of Fighters, The (2010)",Action|Sci-Fi,2010.0
81751,Uncle Boonmee Who Can Recall His Past Lives (Loong Boonmee raleuk chat) (2010),Drama|Fantasy,2010.0
81782,Unstoppable (2010),Action|Drama|Thriller,2010.0
81784,Morning Glory (2010),Comedy|Drama|Romance,2010.0
81786,Certified Copy (Copie conforme) (2010),Drama,2010.0
81788,"Next Three Days, The (2010)",Crime|Drama|Romance|Thriller,2010.0
81791,Somewhere (2010),Drama,2010.0
81802,Agnosia (2010),Drama|Thriller,2010.0
81804,Wild Target (2010),Comedy|Drama|Romance|Thriller,2010.0
81817,Carlos (2010),Crime|Drama|Thriller,2010.0
81819,Biutiful (2010),Drama,2010.0
81831,"First Beautiful Thing, The (La prima cosa bella) (2010)",Comedy|Drama,2010.0
81834,Harry Potter and the Deathly Hallows: Part 1 (2010),Action|Adventure|Fantasy|IMAX,2010.0
81845,"King's Speech, The (2010)",Drama,2010.0
81847,Tangled (2010),Animation|Children|Comedy|Fantasy|Musical|Romance|IMAX,2010.0
81906,Snow and Ashes (2010),Drama|Thriller|War,2010.0
81932,"Fighter, The (2010)",Drama,2010.0
81949,"Romantics, The (2010)",Comedy|Drama|Romance,2010.0
81993,Red: Werewolf Hunter (2010),Action|Fantasy|Horror,2010.0
82005,"Extra Man, The (2010)",Comedy,2010.0
82022,"Reef, The (2010)",Drama|Horror|Thriller,2010.0
82037,"Tillman Story, The (2010)",Documentary,2010.0
82053,Casino Jack (2010),Comedy|Crime,2010.0
82093,London Boulevard (2010),Crime|Romance,2010.0
82095,Skyline (2010),Sci-Fi|Thriller,2010.0
82097,Karthik Calling Karthik (2010),Comedy|Drama|Thriller,2010.0
82102,Sex & Drugs & Rock & Roll (2010),Comedy|Drama,2010.0
82115,Home for Christmas (Hjem til jul) (2010),Drama,2010.0
82154,Get Educated: Paathshaala (2010),Drama,2010.0
82167,Love and Other Drugs (2010),Comedy|Drama|Romance,2010.0
82169,"Chronicles of Narnia: The Voyage of the Dawn Treader, The (2010)",Adventure|Children|Fantasy,2010.0
82173,Tiny Furniture (2010),Comedy,2010.0
82175,Lovers of Hate (2010),Comedy,2010.0
82202,"Tourist, The (2010)",Drama|Thriller,2010.0
82242,Rare Exports: A Christmas Tale (Rare Exports) (2010),Action|Comedy,2010.0
82244,13 (2010),Thriller,2010.0
82324,Bal (Honey) (2010),Drama,2010.0
82360,Rammbock (2010),Drama|Horror,2010.0
82366,Hatchet II (2010),Comedy|Horror|Thriller,2010.0
82378,All Good Things (2010),Drama|Mystery|Thriller,2010.0
82380,Night Catches Us (2010),Drama|Romance,2010.0
82447,"Tomorrow, When the War Began (2010)",Action|Adventure|Drama,2010.0
82449,I Love You Too (2010),Comedy,2010.0
82459,True Grit (2010),Western,2010.0
82461,Tron: Legacy (2010),Action|Adventure|Sci-Fi|IMAX,2010.0
82463,Another Year (2010),Drama,2010.0
82499,How Do You Know (2010),Comedy|Drama|Romance,2010.0
82527,Barney's Version (2010),Drama,2010.0
82534,"Company Men, The (2010)",Drama,2010.0
82667,I Saw the Devil (Akmareul boatda) (2010),Crime|Thriller,2010.0
82744,Faster (2010),Action|Crime|Drama,2010.0
82765,Little Big Soldier (Da bing xiao jiang) (2010),Action|Adventure|Comedy|Drama|War,2010.0
82767,Rabbit Hole (2010),Drama,2010.0
82852,Little Fockers (2010),Comedy,2010.0
82854,Gulliver's Travels (2010),Adventure|Comedy|Fantasy,2010.0
82926,Klown: The Movie (Klovn) (2010),Comedy,2010.0
82928,Nude Nuns with Big Guns (2010),Action|Comedy,2010.0
82931,"Last Circus, The (Balada triste de trompeta) (Sad Trumpet Ballad, A) (2010)",Comedy|Drama|War,2010.0
83006,"Scientist, The (2010)",Drama,2010.0
83067,And Soon the Darkness (2010),Horror|Thriller,2010.0
83086,Burlesque (2010),Drama|Musical|Romance,2010.0
83089,Violet Tendencies (2010),Comedy|Drama|Romance,2010.0
83132,"Secret World of Arrietty, The (Kari-gurashi no Arietti) (2010)",Animation|Children|Fantasy,2010.0
83134,Tucker & Dale vs Evil (2010),Comedy|Horror,2010.0
83138,Erasing David (2010),Documentary,2010.0
83177,Yogi Bear (2010),Children|Comedy,2010.0
83180,Countdown to Zero (2010),Documentary,2010.0
83264,Band Baaja Baaraat (2010),Comedy|Drama|Musical,2010.0
83270,Made in Dagenham (2010),Comedy|Drama,2010.0
83293,Waste Land (2010),Documentary,2010.0
83302,Last Night (2010),Drama|Romance,2010.0
83332,Who Is Harry Nilsson (And Why Is Everybody Talkin' About Him?) (2010),Documentary,2010.0
83369,"Way Back, The (2010)",Drama,2010.0
83374,"Warrior's Way, The (2010)",Action|Fantasy|Western,2010.0
83450,Brest Fortress (Brestskaya krepost) (2010),Action|Drama|War,2010.0
83478,Ong-Bak 3: The Final Battle (Ong Bak 3) (2010),Action,2010.0
83525,Outrage (Autoreiji) (2010),Crime|Drama,2010.0
83619,Just Like Me (Igualita a Mi) (2010),Comedy|Romance,2010.0
83801,"Film Unfinished, A (Shtikat Haarchion) (2010)",Documentary|Drama,2010.0
83803,Day & Night (2010),Animation|Children,2010.0
83827,Marwencol (2010),Documentary,2010.0
83842,"Edge, The (Kray) (2010)",Adventure|Drama|Romance,2010.0
83912,Frankie and Alice (2010),Drama,2010.0
83976,"Trip, The (2010)",Comedy|Drama,2010.0
84017,2012: Time for Change (2010),Animation|Documentary,2010.0
84019,Cool It (2010),Documentary,2010.0
84116,Poetry (Shi) (2010),Drama,2010.0
84128,"Tuesday, After Christmas (Marti, dupa craciun) (2010)",Drama|Romance,2010.0
84137,"Housemaid, The (Hanyo) (2010)",Thriller,2010.0
84156,Happy People: A Year in the Taiga (2010),Documentary,2010.0
84160,Wishful Drinking (2010),Documentary,2010.0
84189,I Spit on Your Grave (2010),Crime|Horror|Thriller,2010.0
84234,Simple Simon (I rymden finns inga känslor) (2010),Comedy|Drama,2010.0
84242,Welcome to the Rileys (2010),Drama,2010.0
84260,"Traveler, The (2010)",Horror|Thriller,2010.0
84407,Dog Pound (2010),Drama,2010.0
84444,And Everything Is Going Fine (2010),Documentary,2010.0
84506,Silent Souls (Ovsyanki) (2010),Drama,2010.0
84532,Tyler Perry's For Colored Girls (2010),Drama,2010.0
84570,Country Strong (2010),Drama|Musical|Romance,2010.0
84621,Mirrors 2 (2010),Horror|Mystery|Thriller,2010.0
84696,Burke and Hare (2010),Comedy|Thriller,2010.0
84732,Vanishing on 7th Street (2010),Horror|Mystery|Thriller,2010.0
84740,Open House (2010) ,Crime|Drama|Thriller,2010.0
84770,Client 9: The Rise and Fall of Eliot Spitzer (2010),Documentary,2010.0
84775,Submarino (2010),Drama,2010.0
84880,"Infidel, The (2010)",Comedy,2010.0
84952,Confessions (Kokuhaku) (2010),Drama|Horror,2010.0
84957,"Tempest, The (2010)",Comedy|Drama|Fantasy|Romance,2010.0
84974,Holokaustin värit (2010),Documentary|War,2010.0
85007,Happythankyoumoreplease (2010),Comedy|Drama,2010.0
85129,71: Into The Fire (Pohwasogeuro) (2010),War,2010.0
85190,Public Speaking (2010),Documentary,2010.0
85211,Norwegian Wood (Noruwei no mori) (2010),Drama|Romance,2010.0
85291,Fubar II (Fubar: Balls to the Wall) (2010),Comedy,2010.0
85293,"Bannen Way, The (2010)",Action|Comedy|Crime|Thriller,2010.0
85295,Scooby-Doo! Curse of the Lake Monster (2010),Adventure|Children|Comedy|Mystery,2010.0
85305,Holy Rollers (2010),Crime|Drama,2010.0
85342,Elite Squad: The Enemy Within (Tropa de Elite 2 - O Inimigo Agora É Outro) (2010),Action|Crime|Drama,2010.0
85365,"Wildest Dream, The (2010)",Documentary,2010.0
85372,Potiche (2010),Comedy,2010.0
85394,Cave of Forgotten Dreams (2010),Documentary,2010.0
85401,Super (2010),Action|Comedy|Drama,2010.0
85412,"Troll Hunter, The (Trolljegeren) (2010)",Fantasy|Horror,2010.0
85527,Putty Hill (2010),Drama,2010.0
85540,Essential Killing (2010),Thriller|War,2010.0
85555,"Kings of Mykonos, The (2010)",Comedy,2010.0
85567,"Letzte schöne Herbsttag, Der (2010)",Comedy|Drama|Romance,2010.0
85763,Beneath Hill 60 (2010),Drama|War,2010.0
85774,Senna (2010),Documentary,2010.0
85783,Kapitalism: Our Improved Formula (Kapitalism - Reteta noastra secreta) (2010),Documentary,2010.0
85788,Insidious (2010),Fantasy|Horror|Thriller,2010.0
85790,Meek's Cutoff (2010),Western,2010.0
85885,Room in Rome (Habitación en Roma) (2010),Drama|Romance,2010.0
86000,Boy (2010),Comedy|Drama,2010.0
86028,Henry's Crime (2010),Comedy|Crime,2010.0
86096,"Arbor, The (2010)",Documentary,2010.0
86137,Leap Year (Año bisiesto) (2010),Drama,2010.0
86142,13 Assassins (Jûsan-nin no shikaku) (2010),Action,2010.0
86145,On Tour (Tournée) (2010),Comedy|Drama,2010.0
86233,New Kids Turbo (2010),Action|Comedy,2010.0
86244,Easy Money (Snabba Cash) (2010),Action|Thriller,2010.0
86277,Beyond (Svinalängorna) (2010),Drama,2010.0
86279,Into Eternity (2010),Documentary,2010.0
86300,"Princess of Montpensier, The (La princesse de Montpensier) (2010)",Action|Drama|Romance,2010.0
86345,Louis C.K.: Hilarious (2010),Comedy,2010.0
86408,Welcome to the South (Benvenuti al Sud) (2010),Comedy,2010.0
86432,Outside the Law (Hors-la-loi) (2010),Crime|Drama|War,2010.0
86626,Socialism (Film socialisme) (2010),Drama,2010.0
86642,Cold Weather (2010),Drama,2010.0
86717,Kosmos (2010),Drama,2010.0
86723,"Parking Lot Movie, The (2010)",Documentary,2010.0
86725,We Are What We Are (Somos lo que hay) (2010),Drama|Horror,2010.0
86750,"Robber, The (Der Räuber) (2010)",Crime|Drama,2010.0
86762,Attenberg (2010),Drama,2010.0
86781,Incendies (2010),Drama|Mystery|War,2010.0
86837,"19th Wife, The (2010)",Drama,2010.0
86892,The Man from Nowhere (2010),Action|Crime|Thriller,2010.0
86922,Nothing to Declare (Rien à déclarer) (2010),Comedy,2010.0
86970,Daayen Ya Baayen (2010),Comedy|Drama,2010.0
86985,Stonewall Uprising (2010),Documentary,2010.0
87000,"Virginity Hit, The (2010)",Comedy,2010.0
87047,"Strange Case of Angelica, The (O Estranho Caso de Angélica) (2010)",Drama,2010.0
87079,Trust (2010),Drama|Thriller,2010.0
87098,"Mosquito Net, The (La mosquitera) (2010)",Drama,2010.0
87100,Loft (2010),Comedy|Thriller,2010.0
87105,Open Season 3 (2010),Animation|Children|Comedy,2010.0
87194,The Way (2010),Adventure|Comedy|Drama,2010.0
87197,Let the Bullets Fly (2010),Action|Comedy,2010.0
87234,Submarine (2010),Comedy|Drama|Romance,2010.0
87279,Brotherhood  (2010),Crime|Drama|Thriller,2010.0
87287,American Grindhouse (2010),Documentary,2010.0
87298,Everything Must Go (2010),Comedy|Drama,2010.0
87302,Red White & Blue (2010),Drama|Mystery|Romance,2010.0
87304,Beginners (2010),Drama,2010.0
87314,Lottery Ticket (2010),Comedy,2010.0
87320,"Oath, The (2010)",Documentary,2010.0
87332,"City Below, The (Unter dir die Stadt) (2010)",Drama,2010.0
87410,"Chosen One, The (2010)",Comedy|Drama,2010.0
87444,Elektra Luxx (2010),Comedy,2010.0
87499,Tyler Perry's Why Did I Get Married Too? (2010),Comedy,2010.0
87527,Score: A Hockey Musical (2010),Comedy|Musical,2010.0
87589,"Four-Faced Liar, The (2010)",Comedy|Drama|Romance,2010.0
87644,Armless (2010),Comedy,2010.0
87785,Takers (2010),Action|Crime|Thriller,2010.0
87790,Three (a.k.a. 3) (2010),Comedy|Drama|Romance,2010.0
87792,Route Irish (2010),Drama|Thriller,2010.0
87860,Strapped (2010),Drama,2010.0
87964,Breaking Upwards (2010),Romance,2010.0
87971,Anton Chekhov's The Duel (2010),Drama,2010.0
87990,"If I Want to Whistle, I Whistle (Eu cand vreau sa fluier, fluier) (2010)",Drama,2010.0
87992,Mammuth (2010),Comedy|Drama,2010.0
88094,Upside Down: The Creation Records Story (2010),Documentary,2010.0
88110,Monogamy (2010) ,Drama|Romance,2010.0
88118,"Perfect Host, The (2010)",Crime|Drama|Thriller,2010.0
88131,Love Crime (Crime d'amour) (2010),Crime|Mystery|Thriller,2010.0
88270,Peep World (2010),Comedy,2010.0
88339,"Four Times, The (Le Quattro Volte) (2010)",Drama,2010.0
88343,"Sleeping Beauty, The (La belle endormie) (2010)",Drama,2010.0
88380,Dylan Dog: Dead of Night (2010),Comedy|Horror|Mystery|Thriller,2010.0
88423,3 Backyards (2010),Drama,2010.0
88425,Small Town Murder Songs (2010),Crime|Thriller,2010.0
88448,Paper Birds (Pájaros de papel) (2010),Comedy|Drama,2010.0
88454,Waking Madison (2010) ,Drama,2010.0
88456,"Possession of David O'Reilly, The (2010) ",Horror,2010.0
88468,Alpha and Omega (2010),Adventure|Animation|Children|Comedy|Romance,2010.0
88495,Legend of the Fist: The Return of Chen Zhen (Jing wu feng yun: Chen Zhen) (2010),Action|Drama,2010.0
88564,"Autobiography of Nicolae Ceausescu, The (Autobiografia lui Nicolae Ceausescu) (2010)",Documentary,2010.0
88566,Mysteries of Lisbon (Mistérios de Lisboa) (2010),Drama|Mystery,2010.0
88568,Oki's Movie (Ok-hui-ui yeonghwa) (2010),Comedy|Drama,2010.0
88572,Fred: The Movie (2010),Comedy,2010.0
88593,"Yellow Sea, The (a.k.a. The Murderer) (Hwanghae) (2010)",Crime|Drama|Thriller,2010.0
88597,Our Life (La nostra vita) (2010),Drama,2010.0
88599,Come Undone (Cosa voglio di più) (2010),Drama,2010.0
88682,"Letter to Elia, A (2010)",Documentary,2010.0
88877,"Invisible Sign, An (2010)",Comedy|Drama,2010.0
88897,Ghetto Physics (2010),Drama,2010.0
88911,My Afternoons with Margueritte (La tête en friche) (2010),Comedy,2010.0
88950,"Conspirator, The (2010)",Drama,2010.0
89000,Carancho (2010),Crime|Drama|Romance,2010.0
89028,Don't Be Afraid of the Dark (2010),Horror|Thriller,2010.0
89047,Hesher (2010),Drama,2010.0
89072,Stake Land (2010),Horror,2010.0
89102,Freakonomics (2010),Documentary,2010.0
89137,Backlight (2010),Drama|Sci-Fi|Thriller,2010.0
89145,William Vincent (Shadows and Lies) (2010),Drama,2010.0
89162,Phil Ochs: There But for Fortune (2010),Documentary|Musical,2010.0
89164,Good Neighbours (a.k.a. Good Neighbors) (2010),Crime|Thriller,2010.0
89192,Dead Awake (2010),Fantasy|Mystery|Romance|Thriller,2010.0
89217,Waiting for Forever (2010),Drama|Romance,2010.0
89281,Birdemic: Shock and Terror (2010),Romance|Thriller,2010.0
89300,Win/win (2010),Drama,2010.0
89327,Love Ranch (2010),Comedy|Drama|Romance,2010.0
89377,Wrecked (2010),Thriller,2010.0
89449,Beautiful Lies (De vrais mensonges) (Full Treatment) (2010),Comedy|Drama|Romance,2010.0
89501,William S. Burroughs: A Man Within (2010),Documentary,2010.0
89580,Neds (2010),Drama,2010.0
89582,Cold Fish (Tsumetai nettaigyo) (2010),Drama|Thriller,2010.0
89584,Skeletons (2010),Comedy|Fantasy,2010.0
89629,Point Blank (À bout portant) (2010),Action|Crime|Thriller,2010.0
89720,Bereavement (2010),Horror,2010.0
89722,"Horrible Way to Die, A (2010) ",Horror|Thriller,2010.0
89778,Littlerock (2010),Drama,2010.0
89848,Badmaash Company (2010),Comedy|Crime|Drama,2010.0
89850,"Nature of Existence, The (2010)",Documentary,2010.0
89877,Main Street (2010),Drama,2010.0
89983,Robot (2010),Action|Comedy|Musical|Sci-Fi,2010.0
90007,Ghost from the Machine (2010),Sci-Fi,2010.0
90061,"Myth of the American Sleepover, The (2010)",Comedy|Drama|Romance,2010.0
90066,Road to Nowhere (2010),Romance|Thriller,2010.0
90133,"Presence, The (2010)",Drama|Horror|Thriller,2010.0
90281,My Joy (Schastye moe) (2010),Drama,2010.0
90310,Father of Invention (2010),Comedy|Drama,2010.0
90350,Lemmy (2010),Documentary,2010.0
90353,Beautiful Boy (2010),Drama,2010.0
90378,Tabloid (2010),Documentary,2010.0
90413,Oranges and Sunshine (2010),Drama,2010.0
90421,Brighton Rock (2010),Crime|Drama|Thriller,2010.0
90426,Burning Palms (2010),Comedy|Drama,2010.0
90478,Year of the Carnivore (2010),Comedy|Romance,2010.0
90561,"Happy, Happy (Sykt lykkelig) (2010)",Comedy|Drama,2010.0
90564,"Screaming Man, A (Un homme qui crie) (2010)",Drama,2010.0
90632,Answer This! (2010),Comedy|Romance,2010.0
90649,Mr. Nice (2010),Comedy|Drama,2010.0
90965,Sasha (Sascha) (2010),Comedy|Drama,2010.0
91044,LennoNYC (2010),Documentary,2010.0
91048,Cherry (2010),Comedy|Drama,2010.0
91187,Millhaven (2010),Animation,2010.0
91211,Echoes of the Rainbow (Sui yuet san tau) (2010),Comedy|Drama|Romance,2010.0
91213,Beijing Taxi (2010),Documentary,2010.0
91216,"Lebanon, Pa. (2010)",Drama,2010.0
91243,Shanghai (2010),Drama|Mystery|Romance,2010.0
91273,Bunraku (2010),Action|Drama|Fantasy,2010.0
91290,Sarah's Key (Elle s'appelait Sarah) (2010),Drama,2010.0
91302,"Tree, The (2010)",Children|Drama,2010.0
91505,Clone (Womb) (2010),Drama|Romance|Sci-Fi,2010.0
91509,Fire of Conscience (For lung) (2010),Action|Crime|Mystery|Thriller,2010.0
91605,Shit Year (2010),Drama,2010.0
91662,Jim (2010),Drama,2010.0
91681,"Julia's Eyes (Ojos de Julia, Los) (2010)",Horror|Thriller,2010.0
91683,Metrobranding (2010),Documentary,2010.0
91745,Brutal Beauty: Tales of the Rose City Rollers (2010),Documentary,2010.0
91782,Territories (2010) ,Crime|Horror,2010.0
91793,"Painting Sellers, The (Taulukauppiaat) (2010)",Drama,2010.0
91823,Kung Fu Panda Holiday Special (2010),Animation|Children|Comedy,2010.0
91888,Chico & Rita (2010),Animation|Musical|Romance,2010.0
91906,Aurora (2010),Drama,2010.0
91914,Mad Bastards (2010),Drama,2010.0
91929,Nostalgia for the Light (Nostalgia de la luz) (2010),Documentary|Drama,2010.0
91933,Top Floor Left Wing (Dernier étage gauche gauche) (2010),Action|Comedy|Drama,2010.0
91981,Sacrifice (Zhao shi gu er) (2010),Drama,2010.0
91983,"Hustlers, The (Veijarit) (2010)",Comedy|Drama,2010.0
92006,White Irish Drinkers (2010),Drama,2010.0
92048,"Whistleblower, The (2010)",Drama|Thriller,2010.0
92096,14 Blades (Jin yi wei) (2010),Action|Drama,2010.0
92156,Post Mortem (2010),Drama,2010.0
92180,Morgen (2010),Drama,2010.0
92210,"Disappearance of Haruhi Suzumiya, The (Suzumiya Haruhi no shôshitsu) (2010)",Adventure|Animation|Drama|Mystery|Sci-Fi,2010.0
92252,Thunder Soul (2010),Documentary,2010.0
92357,Cameraman: The Life and Work of Jack Cardiff (2010),Documentary,2010.0
92371,Yolki (2010),Comedy,2010.0
92393,Detective Dee and the Mystery of the Phantom Flame (Di Renjie) (2010),Action|Crime|Mystery,2010.0
92437,Toast (2010),Comedy|Drama,2010.0
92441,"Human Resources Manager, The (2010)",Drama,2010.0
92481,Third Star (2010),Comedy|Drama,2010.0
92652,Windfall (2010),Documentary,2010.0
92674,Janie Jones (2010),Drama|Musical,2010.0
92696,"Shrine, The (2010)",Horror,2010.0
92758,When Love Is Not Enough: The Lois Wilson Story (2010),Drama,2010.0
92829,Smokin' Aces 2: Assassins' Ball (2010),Action,2010.0
92872,Plans for Tomorrow (Planes para mañana) (2010),Drama,2010.0
92923,"Dead, The (2010)",Horror,2010.0
93022,Miss Nobody (2010),Comedy|Crime,2010.0
93193,Red Hill (2010),Crime|Thriller|Western,2010.0
93212,"Cat in Paris, A (Une vie de chat) (2010)",Animation|Crime|Mystery,2010.0
93376,When We Leave (Die Fremde) (2010),Drama,2010.0
93391,10 Mountains 10 Years (2010),Documentary,2010.0
93467,Listen to Your Heart (2010),Drama|Musical|Romance,2010.0
93529,Submission (Underkastelsen) (2010),Documentary,2010.0
93550,Yes Or No (2010),Comedy|Drama|Romance,2010.0
93570,Bedevilled (Kim Bok-nam salinsageonui jeonmal) (2010),Crime|Drama|Horror,2010.0
93610,Space Battleship Yamato (2010),Action|Adventure|Drama,2010.0
93750,Eden of the East the Movie II: Paradise Lost (Higashi no Eden Gekijôban II: Paradise Lost) (2010),Animation|Crime|Mystery|Sci-Fi|Thriller,2010.0
93782,Paan Singh Tomar (2010),Crime,2010.0
93834,Ticked-Off Trannies with Knives (2010),Action|Comedy|Crime|Horror|Thriller,2010.0
93859,"Desert of Forbidden Art, The (2010)",Adventure|Documentary|Drama|War,2010.0
93892,Romantics Anonymous (Les émotifs anonymes) (2010),Comedy|Romance,2010.0
93952,"Silent House, The (La casa muda) (2010)",Horror|Thriller,2010.0
94074,Rush: Beyond the Lighted Stage (2010),Documentary|Musical,2010.0
94076,Position Among The Stars (Stand van de Sterren) (2010),Documentary,2010.0
94107,18 Years Later (Diciotto anni dopo) (2010),Comedy|Drama,2010.0
94112,Twelve (2010),Crime|Drama|Thriller,2010.0
94190,Aakrosh (2010),Action|Drama|Thriller,2010.0
94280,Spud (2010),Comedy,2010.0
94341,Chosin (2010) ,Documentary|War,2010.0
94491,Daylight (2010),Horror|Thriller,2010.0
94539,Viva Riva! (2010),Drama,2010.0
94545,Among Wolves (Entrelobos) (2010),Drama,2010.0
94558,Beyond the Black Rainbow (2010),Mystery|Sci-Fi,2010.0
94573,"Last Play at Shea, The (2010)",Documentary|Musical,2010.0
94672,Across the Line: The Exodus of Charlie Wright (2010),Crime|Drama,2010.0
94675,Three Steps Above Heaven (2010),Drama|Romance,2010.0
94893,Letters to God (2010),Children|Drama,2010.0
94919,Inhale (2010),Drama|Thriller,2010.0
94939,Sound of Noise (2010),Comedy|Crime|Musical,2010.0
95000,"Life, Above All (2010)",Drama,2010.0
95002,Contagion / Bio Slime (2010),Horror,2010.0
95012,Tracy Morgan: Black and Blue (2010),Comedy,2010.0
95026,Exporting Raymond (2010),Comedy|Documentary,2010.0
95157,Kidnapped (2010),Horror|Thriller,2010.0
95223,4.3.2.1 (2010),Crime|Thriller,2010.0
95578,"Stoplight Society, The (La Sociedad del Semáforo) (2010)",Drama,2010.0
95695,"Five Minarets in New York (Act of Vengeance) (Terrorist, The) (2010)",Drama,2010.0
95697,No Problem (2010),Action|Comedy|Crime|Drama,2010.0
95732,Vampires (2010),Comedy|Fantasy|Horror,2010.0
95748,2010: Moby Dick (2010),Action|Adventure|Thriller,2010.0
95814,Pete Smalls Is Dead (2010),Comedy,2010.0
96071,Bag It (2010),Documentary,2010.0
96179,Amish Grace (2010),Drama,2010.0
96195,Run Sister Run! (2010),Drama,2010.0
96197,Secret Reunion (Ui-hyeong-je) (2010),Drama|Thriller,2010.0
96214,Primal (2010),Horror|Thriller,2010.0
96298,El Hada Buena - Una Fábula Peronista (2010),Comedy|Sci-Fi,2010.0
96501,Little White Lies (Les petits mouchoirs) (2010),Comedy|Drama,2010.0
96722,Suicide Club (2010),Adventure|Comedy|Drama,2010.0
96817,Boxing Gym (2010),Documentary,2010.0
96840,"Hunter, The (2010)",Thriller,2010.0
96842,Behind the Burly Q: The Story of Burlesque in America (2010),Documentary,2010.0
97163,Shameless (Maskeblomstfamilien ) (2010),Drama,2010.0
97220,Virginia (2010),Drama,2010.0
97382,Under the Boardwalk: The Monopoly Story (2010),Documentary,2010.0
97468,Drones (2010),Comedy|Sci-Fi,2010.0
97595,Dive! (Dive!: Living off America's Waste) (2010),Documentary,2010.0
97597,"Clink of Ice, The (a.k.a.: Sound of Ice Cubes, The) (Le bruit des glaçons) (2010)",Comedy|Drama,2010.0
97765,ReGeneration (2010),Documentary,2010.0
97808,"Woman That Dreamed About a Man, The (Kvinden der drømte om en mand) (2010)",Drama,2010.0
97823,"Piano in a Factory, The (Gang de qin) (2010)",Comedy|Drama|Musical,2010.0
98059,Something's Gonna Live (2010),Documentary,2010.0
98140,Meet Monica Velour (2010),Comedy|Drama|Romance,2010.0
98151,Kill Me Please (2010),Comedy,2010.0
98167,In Their Sleep (Dans ton sommeil) (2010),Horror|Thriller,2010.0
98294,Tokio Baby (2010),Drama,2010.0
98378,Four more years (Fyra år till) (2010),Comedy|Romance,2010.0
98402,Nokas (2010),Crime|Thriller,2010.0
98621,Welcome to the Space Show (Uchû shô e yôkoso) (2010),Adventure|Animation|Sci-Fi,2010.0
98927,Two in the Wave (2010),Documentary,2010.0
99045,Aftershock (Tangshan dadizhen) (2010),Drama|IMAX,2010.0
99249,"Marine Story, A (2010)",Drama,2010.0
99285,"Meilleurs amis du monde, Les (2010)",Comedy,2010.0
99347,"Glenn, the Flying Robot (2010)",Sci-Fi,2010.0
99355,"Woodmans, The (2010)",Documentary,2010.0
99371,Camp Rock 2: The Final Jam (2010),Comedy|Musical|Romance,2010.0
99373,StreetDance 3D (2010),Drama|Romance,2010.0
99387,Transfer (2010),Drama|Sci-Fi,2010.0
99439,Vidal Sassoon: The Movie (2010),Documentary,2010.0
99446,Ultrasuede: In Search of Halston (2010),Documentary,2010.0
99519,Henry (2010),Comedy,2010.0
99615,Role/Play (2010),Drama,2010.0
99760,Secrets of the Tribe (2010),Documentary,2010.0
99848,It's About You (2010),Documentary,2010.0
100056,Die (2010),Thriller,2010.0
100075,Choose (2010),Crime|Drama|Horror,2010.0
100101,Jean Gentil (2010),Drama,2010.0
100155,"Green Wave, The (2010)",Documentary,2010.0
100167,Murder by Proxy: How America Went Postal (2010),Documentary,2010.0
100169,After Porn Ends (2010),Documentary,2010.0
100173,Stonehenge Apocalypse (2010),Sci-Fi,2010.0
100180,"Last Godfather, The (2010)",Comedy,2010.0
100198,"Ah of Life, The (2010)",Drama|Romance|Sci-Fi,2010.0
100238,"Big Picture, The (L'homme qui voulait vivre sa vie) (2010)",Drama,2010.0
100253,Karlsson Brothers (Bröderna Karlsson) (2010),Comedy|Drama,2010.0
100336,Udaan (2010),Drama,2010.0
100361,"Adonis Factor, The (2010)",Documentary,2010.0
100426,"Bang Bang Club, The (2010)",Drama,2010.0
100457,Game of Death (2010),Action|Adventure|Thriller,2010.0
100496,Knucklehead (2010),Comedy|Drama,2010.0
100653,Salla: Selling the Silence (2010),Documentary,2010.0
100884,Holy Wars (2010),Documentary,2010.0
101068,"Solitude of Prime Numbers, The (2010)",Drama,2010.0
101072,"Unintentional Kidnapping of Mrs. Elfriede Ott, The (Die Unabsichtliche Entführung der Frau Elfriede Ott) (2010)",Comedy,2010.0
101156,This Movie Is Broken (2010),Drama|Romance,2010.0
101158,Life 2.0 (2010),Documentary,2010.0
101160,Sons of Perdition (2010),Documentary,2010.0
101210,"Silence, The (Das letzte Schweigen) (2010)",Crime|Drama|Thriller,2010.0
101258,Radio Rebel (2010),Drama,2010.0
101260,StarStruck (2010),Comedy|Musical,2010.0
101352,I Am Comic (2010),Documentary,2010.0
101579,Ocean Heaven (2010) ,Drama,2010.0
101583,"Best and the Brightest, The (2010)",Comedy,2010.0
101614,Riverworld (2010),Drama|Sci-Fi,2010.0
101767,"Familie, En (2010)",Drama,2010.0
101794,"Stone's Throw Away, A (A tiro de piedra) (2010)",Adventure,2010.0
101846,One Lucky Elephant (2010),Documentary,2010.0
101857,Teenage Paparazzo (2010),Documentary,2010.0
101918,Bhutto (2010),Documentary,2010.0
101971,Never Sleep Again: The Elm Street Legacy (2010),Documentary,2010.0
102171,Late Autumn (Man-choo) (2010),Drama|Romance,2010.0
102275,"Afflicted, The (2010)",Horror|Thriller,2010.0
102596,180° South (180 Degrees South) (180° South: Conquerors of the Useless) (2010),Documentary|Drama,2010.0
102828,L.A. Zombie (2010),Horror,2010.0
102953,Nice Guy Johnny (2010),Comedy|Romance,2010.0
103036,No and Me (No et moi) (2010),Drama,2010.0
103089,100 Years of Evil (2010),Adventure|Comedy|Documentary,2010.0
103118,Bad Blood: A Cautionary Tale (2010) ,Documentary,2010.0
103388,My Perestroika (2010),Documentary,2010.0
103418,Hong Kong Confidential (Amaya) (2010),Drama,2010.0
103489,Arctic Blast (2010),Sci-Fi|Thriller,2010.0
103534,Inadequate People (Neadekvatnye lyudi) (2010),Comedy|Romance,2010.0
103545,Ed Hardy: Tattoo the World (2010) ,Documentary,2010.0
103557,Tell Me and I Will Forget (2010),Documentary,2010.0
103600,Please Remove Your Shoes (2010) ,Documentary,2010.0
103657,"Client List, The (2010)",Drama,2010.0
103676,My Avatar and Me (Min Avatar og mig) (2010),Documentary,2010.0
103784,Make Believe (2010),Documentary,2010.0
103877,Mighty Uke (2010),Documentary,2010.0
104319,"First Grader, The (2010)",Drama,2010.0
104388,Cold Prey III (Fritt Vilt III) (2010),Horror,2010.0
104464,Taipei Exchanges (Di 36 ge gu shi) (2010),Comedy|Drama,2010.0
104638,"Planet of the Future, The (2010)",Action|Adventure|Sci-Fi,2010.0
104807,I Am (2010),Documentary,2010.0
105133,Repeaters (2010) ,Action|Drama,2010.0
105144,Bare Knuckles (2010),Action|Drama,2010.0
105204,Saint (Sint) (2010),Horror,2010.0
105296,Lincz (2010),Drama|Thriller,2010.0
105439,Sword of Desperation (Hisshiken torisashi) (2010),Action|Drama,2010.0
105474,Microphone (2010),Comedy|Drama|Musical,2010.0
105542,Another Harvest Moon (2010),Drama,2010.0
105560,Beneath the Dark (2010),Drama|Mystery|Thriller,2010.0
105663,Family Affair (2010) ,Documentary,2010.0
105715,Just Wright (2010),Comedy|Romance,2010.0
105765,Cinema Komunisto (2010),Documentary,2010.0
105815,Undocumented (2010),Horror|Thriller,2010.0
105972,"Little Help, A (2010)",Comedy|Drama,2010.0
105985,Man on a Mission: Richard Garriott's Road to the Stars (2010),Documentary,2010.0
106017,Hello! How Are You? (Buna! Ce faci?) (2010),Comedy|Romance,2010.0
106115,"Story of Science, The (2010)",Documentary,2010.0
106136,Beatdown (2010),Action|Crime|Thriller,2010.0
106214,What If ... (2010),Drama,2010.0
106254,Boy Wonder (2010),Action|Crime|Drama,2010.0
106475,Caught Inside (2010),Action|Adventure|Horror|Thriller,2010.0
106501,"Chameleon, The (2010) ",Drama,2010.0
106592,"Happy Poet, The (2010)",Comedy|Drama|Romance,2010.0
106622,To Age or Not to Age (2010),Documentary,2010.0
106686,José and Pilar (José e Pilar) (2010),Documentary,2010.0
106762,Trigun: Badlands Rumble (2010),Action|Animation|Sci-Fi|Western,2010.0
107096,Three Stars (2010),Documentary,2010.0
107143,Kinbaku (2010),Documentary,2010.0
107372,Happy Family (2010),Comedy,2010.0
107548,Ice Quake (2010) ,Action|Sci-Fi|Thriller,2010.0
107573,Apnea (Apnoia) (2010),Drama,2010.0
107630,High School (2010),Comedy,2010.0
107653,"Lost Thing, The (2010)",Animation|Drama|Fantasy,2010.0
107848,Vegucated (2010),Comedy|Documentary,2010.0
107919,Trader Games (Krach) (2010),Action|Drama|Thriller,2010.0
108285,"Assault, The (L'assaut) (2010)",Action|Thriller,2010.0
108447,Atrocious (2010),Horror|Thriller,2010.0
108595,Over Your Cities Grass Will Grow (2010),Documentary,2010.0
109015,"Beware the Gonzo (Gonzo Files, The) (2010)",Comedy|Drama|Romance,2010.0
109151,"Elephant in the Living Room, The (2010)",Documentary,2010.0
109273,Big Money Rustlas (Big Money Ru$tla$) (2010),Comedy|Western,2010.0
109325,Climate of Change (2010),Documentary,2010.0
109653,Bitter Feast (2010),Comedy|Horror|Thriller,2010.0
109665,Messages Deleted (2010),Mystery|Thriller,2010.0
109747,"Black Limousine (Land of the Astronauts, The) (2010)",Drama,2010.0
109771,Dead Genesis (2010),Horror,2010.0
109810,Elena Undone (2010),Drama|Romance,2010.0
109943,Head Over Heels (De Pernas pro Ar) (2010),Comedy,2010.0
110200,Blank City (2010),Documentary,2010.0
110233,Man at Bath (Homme au bain) (2010),Drama,2010.0
110293,Table 7 (2010),Comedy|Drama,2010.0
110607,Dinoshark (2010),Horror|Sci-Fi,2010.0
110748,Wake Wood (2010) ,Drama|Horror|Mystery,2010.0
110970,Tout ce qui brille (2010),Comedy|Drama,2010.0
111124,Trick (2010),Action|Crime,2010.0
111318,City Under Siege (Chun sing gai bei) (2010),Action|Sci-Fi,2010.0
112185,"Outlaw, The (Lope) (2010)",Drama,2010.0
112273,Brother (Hermano) (2010),Drama,2010.0
112320,"Corridor, The (2010)",Horror|Thriller,2010.0
112506,Radio Free Albemuth (2010),Drama|Sci-Fi,2010.0
112512,Colourful (Karafuru) (2010),Animation|Drama|Fantasy|Mystery,2010.0
112565,Brother's Justice (2010),Comedy,2010.0
112893,Super Hero Party Clown (2010),Comedy|Romance,2010.0
112909,Kites (2010),Action|Drama|Romance,2010.0
113205,L'Italien (2010),Comedy|Drama,2010.0
113430,Cane Toads: The Conquest (2010),Documentary,2010.0
113843,Killing Us Softly 4: Advertising's Image of Women (2010),Documentary,2010.0
113855,Faith School Menace? (2010),Documentary,2010.0
113860,"Codes of Gender, The (2010)",Documentary,2010.0
113991,Care Bears to the Rescue (Care Bears: To the Rescue Movie) (2010),Adventure|Animation|Children|Fantasy,2010.0
114793,Time of Eve (Eve no jikan) (2010),Animation|Romance|Sci-Fi,2010.0
114891,Legendary (2010),Drama,2010.0
115137,Celine: Through the Eyes of the World (2010),Documentary,2010.0
115791,Bones (2010),Drama,2010.0
115793,Breaking and Entering (2010),Comedy|Documentary,2010.0
115933,LEGO Hero Factory: Rise of the Rookies (2010),Action|Children,2010.0
115963,The Stoker (2010),Crime|Drama,2010.0
116008,Everything Will Be Fine (2010),Drama|Thriller,2010.0
116018,Chasing Madoff (2010),Documentary,2010.0
116056,Coach (2010),Comedy|Romance,2010.0
116169,Reign of Assassins (2010),Action,2010.0
116205,The Clinic (2010),Horror|Thriller,2010.0
116215,"Ultramarines: A Warhammer 40,000 Movie (2010)",Animation|Sci-Fi,2010.0
116463,Ice Castles (2010),Drama|Romance,2010.0
116507,Mission London (2010),Comedy,2010.0
116513,'Master Harold' ... And the Boys (2010),Drama,2010.0
116805,Confucius (2010),Drama,2010.0
116891,Max Schmeling (2010),Action|Drama|War,2010.0
117144,See You in September (2010),Comedy|Romance,2010.0
117182,Double Tide (2010),Documentary,2010.0
117420,The Boy Who Cried Werewolf (2010),Children|Horror,2010.0
117472,Comme les 5 doigts de la main (2010),Action|Drama|Thriller,2010.0
117574,The Incite Mill - 7 Day Death Game (2010),Horror|Mystery|Thriller,2010.0
117586,My Dear Desperado (2010),Comedy,2010.0
117694,Endure (2010),Mystery|Thriller,2010.0
117843,Oppressed Majority (2010),Drama,2010.0
117855,Ivul (2010),Drama,2010.0
118236,Bleak Night (2010),Drama,2010.0
118254,Cherry Tree Lane (2010),Horror|Thriller,2010.0
118258,It's a Wonderful Afterlife (2010),Comedy|Drama|Horror|Romance,2010.0
118266,Norwegian Ninja (2010),Action|Comedy,2010.0
118462,Grant Morrison: Talking with Gods (2010),Documentary,2010.0
118796,Prey (2010),Adventure|Drama|Horror|Mystery|Thriller,2010.0
118818,Frozen (2010),Fantasy|Romance,2010.0
118894,Scooby-Doo! Abracadabra-Doo (2010),Animation|Children|Mystery,2010.0
119167,Paradox (2010),Sci-Fi|Thriller,2010.0
119214,Food Stamped (2010),Documentary,2010.0
119428,With Love... from the Age of Reason (2010),Comedy|Romance,2010.0
119621,Everyday Sunshine:  The Story of Fishbone (2010),Documentary,2010.0
119629,Exorcismus (2010),Horror,2010.0
120098,First Dog (2010),Children,2010.0
120198,A Yakuza's Daughter Never Cries (2010),Comedy,2010.0
120246,Forget Me Not (2010),Romance,2010.0
120404,Freestyle (2010),Drama|Romance,2010.0
120416,Fuchsia the Mini-Witch (2010),Children,2010.0
120598,Harvest (2010),Drama,2010.0
121029,No Distance Left to Run (2010),Documentary,2010.0
121039,A Night for Dying Tigers (2010),Drama,2010.0
121167,Prowl (2010),Horror,2010.0
121192,The Expelled (2010),Horror|Thriller,2010.0
121217,Gun (2010),Action|Crime|Thriller,2010.0
121265,The Stranger (2010),Action|Thriller,2010.0
121300,Run If You Can (2010),Drama,2010.0
121330,Altitude (2010),Horror|Mystery|Thriller,2010.0
121354,Cyrus: Mind of a Serial Killer (2010),Crime|Horror|Mystery|Thriller,2010.0
121372,Bill Burr: Let It Go (2010),Comedy,2010.0
121459,Wrong Side of Town (2010),Action|Crime,2010.0
121757,Twelve Thirty (2010),Drama,2010.0
121779,Skateland (2010),Drama,2010.0
121815,Pink Saris (2010),Documentary|Drama,2010.0
121923,Rising Stars (2010),Children|Drama,2010.0
121945,Made in Romania (2010),Comedy,2010.0
122031,Psych:9 (2010),Horror|Mystery|Thriller,2010.0
122086,The Heavy (2010),Action|Thriller,2010.0
122104,Kevin Hart: Seriously Funny (2010),Comedy,2010.0
122127,One Husband Too Many (2010),Comedy|Romance,2010.0
122129,Scooby-Doo! Camp Scare (2010),Adventure|Animation|Children|Comedy|Mystery,2010.0
122304,The Freebie (2010),Comedy|Drama,2010.0
122306,The Violent Kind (2010),Horror,2010.0
122333,Siren (2010),Action|Horror|Thriller,2010.0
122347,Thorne: Sleepyhead (2010),Crime|Drama|Mystery|Thriller,2010.0
122464,Student Services (2010),Drama|Romance,2010.0
122519,The Search for Santa Paws (2010),Adventure|Children,2010.0
122758,The 7 Adventures of Sinbad (2010),Action|Adventure,2010.0
122789,Kandahar (2010),Action|Drama,2010.0
122797,Legacy (2010),Drama|Thriller,2010.0
122813,Space Chimps 2: Zartog Strikes Back (2010),Animation|Children,2010.0
122976,Pound of Flesh (2010),Comedy|Drama|Thriller,2010.0
123091,Mercy (2010),Drama|Romance,2010.0
123165,Mongolian Death Worm (2010),Horror|Sci-Fi,2010.0
123210,Once Fallen (2010),Action|Crime|Drama,2010.0
123256,Kill Katie Malone (2010),Horror|Thriller,2010.0
123328,Hard Ride to Hell (2010),Horror,2010.0
123415,Poster Girl (2010),(no genres listed),2010.0
123427,Meskada (2010),Crime|Drama|Mystery|Thriller,2010.0
123435,Wreckage (2010),Horror|Thriller,2010.0
123483,The Zero Hour (2010),Action,2010.0
123495,Small Town Saturday Night (2010),Drama,2010.0
123497,Ricky Gervais: Out of England 2 - The Stand-Up Special (2010),Comedy,2010.0
123571,Jim Jefferies: Alcoholocaust (2010),Comedy,2010.0
123573,Thorne: Scaredy Cat (2010),Crime|Drama|Mystery|Thriller,2010.0
123577,Terror Trap (2010),Horror|Thriller,2010.0
123850,Astro-Zombies M3: Cloned (2010),(no genres listed),2010.0
123959,Groupie (2010),Horror|Thriller,2010.0
124041,Something Like A Business (2010),Comedy,2010.0
124176,Matching Jack (2010),Drama,2010.0
124273,Kevin Smith: Too Fat For 40 (2010),Comedy,2010.0
124310,Fair is Fair (2010),Comedy,2010.0
124340,Shoot the Hero (2010),Action|Adventure|Comedy|Thriller,2010.0
124564,Stranded (2010),Action|Horror|War,2010.0
124577,A Boy and His Samurai (2010),Comedy|Drama|Romance,2010.0
124649,Anything You Want (2010),Drama,2010.0
124651,Stalker (2010),Horror,2010.0
124705,Marathon Boy (2010),Documentary,2010.0
124721,The Front (2010),Crime|Drama|Mystery,2010.0
124755,Limbo (2010),Drama,2010.0
124805,Venus & Vegas (2010),Action|Comedy,2010.0
125019,The Dry Land (2010),Drama,2010.0
125025,The Taqwacores (2010),Action|Comedy|Drama,2010.0
125045,The Matchmaker (2010),Drama,2010.0
125093,Playing House (2010),Thriller,2010.0
125125,Pure Country 2: The Gift (2010),Drama|Romance,2010.0
125255,Multiple Sarcasms (2010),Drama|Romance,2010.0
125261,Mysterious Island (2010),Adventure|Horror|Sci-Fi,2010.0
125347,Mandrake (2010),Horror|Sci-Fi|Thriller,2010.0
125365,The Paranoids (2010),Comedy|Drama|Romance,2010.0
125371,Medium Raw (2010),Fantasy|Horror|Thriller,2010.0
125385,Trust Me (2010),(no genres listed),2010.0
125415,The Waiting City (2010),Drama|Romance,2010.0
125439,The Last Rites of Ransom Pride (2010),Action|Drama|Western,2010.0
125866,Love and Distrust (2010),Drama|Romance,2010.0
125908,Time in the Minors (2010),(no genres listed),2010.0
125938,Reggie Watts: Why Shit So Crazy? (2010),Comedy,2010.0
125942,Curb Dance (2010),(no genres listed),2010.0
126022,Act Da Fool (2010),(no genres listed),2010.0
126036,Barbie: A Fashion Fairytale (2010),Animation|Children,2010.0
126044,Brutal Relax (2010),Action|Comedy,2010.0
126152,Lahore (2010),Action,2010.0
126397,The Encounter (2010),Children|Drama,2010.0
126430,The Pacific (2010),Action|Adventure|Drama|War,2010.0
126779,Grandmother (2010),Drama,2010.0
126795,Finisterrae (2010),(no genres listed),2010.0
126965,Land (2010),Documentary,2010.0
126973,Soundtracker (2010),(no genres listed),2010.0
127064,Amador (2010),Drama,2010.0
127090,The Killing Jar (2010),Drama|Thriller,2010.0
127102,The First Men in the Moon (2010),Sci-Fi,2010.0
127222,Nothing's All Bad (2010),Drama,2010.0
127292,Zenith (2010),Sci-Fi|Thriller,2010.0
127445,Saturday Night (2010),Documentary,2010.0
127579,Black Venus (2010),Drama,2010.0
127877,Kawa (2010),Drama,2010.0
127989,Street Days (2010),Drama,2010.0
128093,"Bo Burnham: Words, Words, Words (2010)",Comedy,2010.0
128095,Kathleen Madigan: Gone Madigan (2010),Comedy,2010.0
128227,Shadow (2010),Horror|Thriller,2010.0
128582,Kommissarie Späck (2010),Comedy,2010.0
128703,Standing Ovation (2010),Children|Comedy,2010.0
128736,I'm Here (2010),Drama,2010.0
128902,The Forgotten Space (2010),Documentary,2010.0
128904,"Runner from Ravenshead, The (2010)",Children,2010.0
128946,Hotel Hell Vacation (2010),Comedy,2010.0
128964,Mahler on the Couch (2010),Drama,2010.0
129534,Parked (2010),Drama,2010.0
129777,Chronic Town (2010),Action|Drama|Thriller,2010.0
129855,Lights Out (2010),Drama|Mystery|Thriller,2010.0
130064,Memory Lane (2010),Drama,2010.0
130376,Kill Speed (2010),Action|Crime|Thriller,2010.0
130384,Mega Piranha (2010),Action|Adventure|Horror|Sci-Fi,2010.0
130626,Vengeance Can Wait (2010),Comedy|Drama|Romance,2010.0
130856,Severe Clear (2010),Comedy|Documentary,2010.0
131058,Santa's Apprentice (2010),Animation|Children,2010.0
131237,What Men Talk About (2010),Comedy,2010.0
131419,The Rig (2010),Action|Horror|Sci-Fi|Thriller,2010.0
131484,House of Bones (2010),Horror,2010.0
131558,Majority (2010),Drama,2010.0
131654,The Village (2010),(no genres listed),2010.0
131718,Baciami Ancora (2010),Comedy,2010.0
131722,Boobs: An American Obsession (2010),Documentary,2010.0
131936,Space Dogs (2010),Animation|Children,2010.0
132138,The Woman with the 5 Elephants (2010),Documentary,2010.0
132167,El Infierno (2010),Comedy|Crime|Drama,2010.0
132169,Time Traveller: The Girl Who Leapt Through Time (2010),Adventure,2010.0
132319,チェブラーシカ (2010),Animation|Children,2010.0
132434,Astral City: A Spiritual Journey (2010),Drama,2010.0
132528,Downstream (2010),Action|Sci-Fi,2010.0
132545,Flicka 2 (2010),Children|Drama,2010.0
132555,Winning Time: Reggie Miller vs. The New York Knicks (2010),Documentary,2010.0
132557,Straight Outta LA (2010),Documentary,2010.0
132559,Silly Little Game (2010),Documentary,2010.0
132577,Mardock Scramble: The First Compression (2010),Action|Animation|Drama|Thriller,2010.0
132612,Portraits in a Sea of Lies (2010),Drama,2010.0
132652,Mother's Day (2010),Crime|Drama|Horror|Thriller,2010.0
133145,Barbie in A Mermaid Tale (2010),Animation|Children|Fantasy,2010.0
133219,Tinker Bell and the Great Fairy Rescue (2010),Adventure|Animation|Children|Fantasy,2010.0
133283,Lignes de Front (2010),Drama,2010.0
133303,Jedi Junkies (2010),Documentary,2010.0
133311,The 'Socalled' Movie (2010),Documentary,2010.0
133335,Lifted (2010),Children|Drama,2010.0
133655,"Montevideo, God Bless You! (2010)",Adventure|Drama|Romance,2010.0
134530,Mars (2010),Animation|Comedy|Romance|Sci-Fi,2010.0
134647,The Rain Fairy (2010),Children|Fantasy,2010.0
134653,Hier kommt Lola (2010),Children|Comedy|Drama,2010.0
134781,I Hate Luv Storys (2010),Comedy|Drama|Romance,2010.0
134843,Die Farbe (2010),Horror|Sci-Fi,2010.0
134919,Leonie (2010),Drama,2010.0
134941,All My Friends Are Funeral Singers (2010),Comedy|Drama,2010.0
135115,Men Who Swim (2010),Documentary,2010.0
135188,Sebbe (2010),Drama,2010.0
135198,The Hairdresser (2010),Comedy|Drama,2010.0
135300,Chicks (2010),(no genres listed),2010.0
135454,Alien vs. Ninja (2010),Action|Horror|Sci-Fi|Thriller,2010.0
135476,Amélie au pays des Bodin's (2010),Comedy,2010.0
135613,Rabies (2010),Horror,2010.0
135629,This is Sodom (2010),Comedy,2010.0
135743,Not the Messiah (He's a Very Naughty Boy) (2010),Comedy,2010.0
135856,Beyond Gay: The Politics of Pride (2010),Documentary,2010.0
135865,Mothman (2010),Horror|Sci-Fi,2010.0
135933,Milf (2010),Comedy|Drama|Romance,2010.0
135963,Double Wedding (2010),Comedy|Drama|Romance,2010.0
136301,Mega Man (2010),Action|Drama|Sci-Fi,2010.0
136491,Ishqiya (2010),Thriller,2010.0
136574,Fracture (2010),Drama,2010.0
136582,Je vous aime tres beaucoup (2010),Children|Comedy,2010.0
136604,#1 Cheerleader Camp (2010),Comedy|Drama,2010.0
136844,Who Killed Captain Alex? (2010),(no genres listed),2010.0
136868,Mumbai Pune Mumbai (2010),Romance,2010.0
136874,Natarang (2010),(no genres listed),2010.0
136878,Paradh (2010),(no genres listed),2010.0
137000,The Perfect Teacher (2010),Drama|Thriller,2010.0
137112,Once Upon a Time in Mumbaai (2010),Crime|Drama|Thriller,2010.0
137114,Love in a Puff (2010),Comedy|Drama|Romance,2010.0
137150,Caterpillar (2010),Drama|War,2010.0
137194,Meeting Spencer (2010),Comedy,2010.0
137202,White Lion (2010),Children|Drama,2010.0
137236,Whistle and I'll Come to You (2010),Horror,2010.0
137242,Spilt Milk (2010),(no genres listed),2010.0
137290,Rock Slyde (2010),Comedy|Mystery|Thriller,2010.0
137327,The Space Between (2010),Drama,2010.0
137363,The Mother Of Invention (2010),Comedy,2010.0
137377,Dear Prudence (2010),Drama,2010.0
137391,Tom and Jerry Meet Sherlock Holmes (2010),Animation|Children,2010.0
137478,Hyenas (2010),Drama|Horror,2010.0
137668,The New Year (2010),Comedy|Drama|Romance,2010.0
137672,Vacation! (2010),Comedy|Crime,2010.0
137690,A Little Pond (2010),Action|Drama|Thriller,2010.0
137944,Barking Water (2010),Drama,2010.0
138012,Turn the Beat Around (2010),Drama,2010.0
138172,Baseline (2010),Action|Crime|Drama,2010.0
138272,The Killing of Jacob Marr (2010),Horror,2010.0
138274,Love/Loss (2010),Children|Drama|Romance,2010.0
138294,"Thelma, Louise et Chantal (2010)",(no genres listed),2010.0
138310,Unlikely Revolutionaries (2010),(no genres listed),2010.0
138344,Men Vs Women (2010),Comedy,2010.0
138366,A Quiet Life (2010),Drama,2010.0
138380,The Santa Claus Gang (2010),Comedy,2010.0
138414,Love & Slaps (2010),Comedy,2010.0
138428,As Melhores Coisas do Mundo (2010),Comedy,2010.0
138442,Noi credevamo (2010),(no genres listed),2010.0
138460,The Man Who Will Come (2010),Drama,2010.0
138560,Modus Operandi (2010),Action|Crime|Thriller,2010.0
138680,Basilicata Coast to Coast (2010),Comedy|Drama,2010.0
138692,Neshoba (2010),Documentary,2010.0
138696,Hands in the Air (2010),Comedy|Drama|Romance,2010.0
138794,Shank (2010),Action|Drama|Thriller,2010.0
138984,The Deported (2010),Children|Comedy,2010.0
139092,"Run, Ricky Run (2010)",Documentary,2010.0
139096,Unmatched (2010),Documentary,2010.0
139098,Four Days in October (2010),Documentary,2010.0
139100,Once Brothers (2010),Documentary,2010.0
139102,Pony Excess (2010),Documentary,2010.0
139140,ONEDREAMRUSH (2010),Fantasy,2010.0
139373,The Bucks County Massacre (2010),Horror,2010.0
139407,Draquila - L'Italia che trema (2010),(no genres listed),2010.0
139411,It Begins with the End (2010),Drama|Romance,2010.0
139447,The Lazarus Papers (2010),Action|Drama|Sci-Fi|Thriller,2010.0
139463,Deadly Renovations (2010),Horror|Thriller,2010.0
139469,Mr. Hush (2010),Horror,2010.0
139509,3faltig (2010),Comedy,2010.0
139549,Helena from the Wedding (2010),Comedy|Drama|Romance,2010.0
139555,Kiss the Abyss (2010),Horror,2010.0
139622,Gothic & Lolita Psycho (2010),Action|Horror,2010.0
139653,Winston Churchill: Walking with Destiny (2010),Documentary,2010.0
139697,Insane (2010),Horror,2010.0
139709,Desert Son (2010),Drama|Thriller,2010.0
139751,Jitters (2010),Drama,2010.0
139753,"Bruc, the Manhunt (2010)",Adventure,2010.0
139867,Saving Grace (2010),(no genres listed),2010.0
140056,Four Lovers (2010),Romance,2010.0
140078,"Video Nasties: Moral Panic, Censorship & Videotape (2010)",Documentary,2010.0
140164,Questions for Crazy Horse (2010),(no genres listed),2010.0
140182,Gone with the Pope (2010),Drama|Romance,2010.0
140214,Triple Dog (2010),Drama|Thriller,2010.0
140216,Removal (2010),Thriller,2010.0
140241,Bandage (2010),Drama|Romance,2010.0
140281,The Pack (2010),Horror,2010.0
140747,16 Wishes (2010),Children|Drama|Fantasy,2010.0
140779,Happiness Runs (2010),Drama,2010.0
140830,The Legend Of Secret Pass (2010),Animation|Children|Fantasy,2010.0
140832,Witchville (2010),Action|Fantasy|Sci-Fi|Thriller,2010.0
140886,The Affair (2010),Drama,2010.0
141166,Arthur 3: The War of the Two Worlds (2010),Adventure|Animation|Children|Fantasy,2010.0
141207,The Greatest Ears in Town: The Arif Mardin Story (2010),(no genres listed),2010.0
141216,Pregnancy Pact (2010),Drama,2010.0
141420,Paranormal Activity 2: Tokyo Night (2010),Horror|Thriller,2010.0
141487,Blades of Blood (2010),Action|Drama,2010.0
141491,Young Girls in Black (2010),Drama,2010.0
141517,Slimtime (2010),Animation|Comedy,2010.0
141520,Moss (2010),Crime|Drama|Mystery|Thriller,2010.0
141550,Wasted on the Young (2010),Drama|Romance|Thriller,2010.0
141652,2033 (2010),Adventure|Sci-Fi,2010.0
141660,SoulBoy (2010),Comedy|Drama,2010.0
141741,Shoot First And Pray You Live (2010),Action|Western,2010.0
141757,Stag Night of the Dead (2010),Comedy|Horror,2010.0
141942,Pokémon: Zoroark: Master of Illusions (2010),Adventure|Animation|Children,2010.0
141952,To Save A Life (2010),Drama,2010.0
141958,A Little Thing Called Love (2010),Comedy|Romance,2010.0
142054,Picasso and Braque Go to the Movies (2010),Documentary,2010.0
142108,"Aballay, the Man without Fear (2010)",Drama|Western,2010.0
142148,Christmas Cupid (2010),Children|Comedy|Fantasy|Romance,2010.0
142260,Crab Trap (2010),Drama,2010.0
142380,White Snow (2010),Thriller,2010.0
142527,Bon appétit (2010),Romance,2010.0
142656,Any And Every Which Way (2010),Comedy|Romance,2010.0
142683,Dear Mr. Gacy (2010),Comedy|Crime|Drama|Horror|Thriller,2010.0
142841,Vedam (2010),Drama|Romance,2010.0
142845,A Small Act (2010),Documentary,2010.0
142847,Cat Shit One (2010),Animation|War,2010.0
143205,I Didn't Come Here to Die (2010),(no genres listed),2010.0
143207,Jack and the Beanstalk (2010),Adventure|Children|Comedy|Fantasy,2010.0
143383,Nanga Parbat (2010),Adventure|Drama,2010.0
143389,Les Misérables in Concert - The 25th Anniversary (2010),(no genres listed),2010.0
143482,Jerry Cotton (2010),Comedy|Crime,2010.0
143661,Rage (2010),Drama|Horror|Sci-Fi,2010.0
143868,Beauty & the Briefcase (2010),Comedy|Drama|Romance,2010.0
143870,The Perfect Date (2010),Comedy|Romance,2010.0
143880,Hunt to Kill (2010),Action|Adventure|Thriller,2010.0
144220,The Seminarian (2010),Drama,2010.0
144282,"Better Tomorrow, A (Moo-jeok-ja) (2010)",Action|Drama|Thriller,2010.0
144298,Avalon High (2010),Children|Drama|Fantasy,2010.0
144334,Once a Gangster (2010),Action|Comedy|Crime,2010.0
144342,Troubleshooter (2010),Action|Thriller,2010.0
144362,The Unjust (2010),Crime|Thriller,2010.0
144368,Triple Tap (2010),Action|Mystery|Thriller,2010.0
144444,Midnight FM (2010),Crime|Mystery|Thriller,2010.0
144500,Haunters (2010),Sci-Fi|Thriller,2010.0
144558,"The Butcher, the Chef, and the Swordsman (2010)",Action|Comedy,2010.0
144564,King of Triads (2010),Action|Thriller,2010.0
144566,Man Of Vendetta (2010),Crime|Drama|Thriller,2010.0
144574,Gallants (2010),Action|Comedy,2010.0
144586,Parallel Life (2010),Action|Drama|Mystery|Thriller,2010.0
144598,Black Ransom (2010),Action|Thriller,2010.0
144670,Freedom Riders (2010),Documentary,2010.0
144958,Škola princů (2010),Children,2010.0
144990,The Edge of Dreaming (2010),(no genres listed),2010.0
145046,Railways (2010),Drama,2010.0
145052,"Ao, The Last Neanderthal (2010)",Adventure,2010.0
145220,Bear (2010),Action|Horror|Thriller,2010.0
145281,Needle (2010),Horror|Mystery|Thriller,2010.0
145522,Lake Placid 3 (2010),Action|Horror|Sci-Fi|Thriller,2010.0
145743,Paul McCartney Really Is Dead: The Last Testament of George Harrison (2010),Documentary,2010.0
146046,Quartier Lointain (2010),Drama,2010.0
146084,Shikshanachya Aaicha Gho (2010),Comedy,2010.0
146086,Kshanbhar Vishranti (2010),(no genres listed),2010.0
146088,Agadbam (2010),Comedy,2010.0
146311,Toilet (2010),Drama,2010.0
146325,Traceless (2010),Crime|Drama|Thriller,2010.0
146666,Sundays at Tiffany's (2010),Drama|Romance,2010.0
146694,All About Evil (2010),Horror,2010.0
146698,"Bruce Lee, My Brother (2010)",Drama,2010.0
146726,A Nanny for Christmas (2010),Children|Comedy,2010.0
146858,Il figlio più piccolo (2010),(no genres listed),2010.0
146860,A Second Childhood (2010),(no genres listed),2010.0
146910,PG 16... (2010),Comedy|Drama|Romance,2010.0
147014,Hello Lonesome (2010),Comedy|Drama|Romance,2010.0
147396,Secrets in the Walls (2010),Horror|Thriller,2010.0
147584,Eva (2010),Drama|Romance,2010.0
147586,Beneath the Blue (2010),Drama|Romance,2010.0
147613,Bibliothèque Pascal (2010),Drama,2010.0
147748,The Taint (2010),Comedy|Horror,2010.0
147783,At Risk (2010),Crime|Drama|Mystery,2010.0
147839,"Bi, Don't Be Afraid (2010)",Drama,2010.0
147899,Recep İvedik 3 (2010),(no genres listed),2010.0
147988,A Man from Boulevard des Capucines (2010),Comedy,2010.0
148034,The Bunny Game (2010),Horror,2010.0
148264,Pastor Shepherd (2010),Comedy,2010.0
148412,Quantum Apocalypse (2010),Sci-Fi,2010.0
148464,No Tomorrow (2010),(no genres listed),2010.0
148838,Zhit (2010),Action|Drama,2010.0
148842,Snowman's Land (2010),Comedy|Crime|Thriller,2010.0
148859,Archipelago (2010),Drama,2010.0
148913,Die Akte Golgatha (2010),Adventure,2010.0
148950,72 Tenants of Prosperity (2010),Comedy,2010.0
149122,The Runway (2010),Comedy|Drama,2010.0
149322,Successful Alcoholics (2010),Comedy,2010.0
149430,Memoirs of a Teenage Amnesiac (2010),Drama|Romance,2010.0
149440,Finding Mr. Destiny (2010),Children|Comedy|Drama|Romance,2010.0
149442,Villain (2010),Drama,2010.0
149446,Petty Romance (2010),Comedy|Drama,2010.0
149454,Ghost (2010),Drama|Fantasy|Mystery,2010.0
149464,The Seaside Motel (2010),Comedy|Romance,2010.0
149466,Yuriko's Aroma (2010),(no genres listed),2010.0
149492,Love in Disguise (2010),Comedy|Romance,2010.0
149570,Under the Hawthorn Tree (2010),Drama|Romance,2010.0
149602,Te presento a Laura (2010),Comedy|Drama|Romance,2010.0
149654,The Ditch (2010),Drama,2010.0
149696,So Hard to Forget (2010),Drama,2010.0
149776,Buddha Mountain (2010),Drama,2010.0
149790,Cyrano Agency (2010),Comedy|Romance,2010.0
149810,Parade (2010),Drama,2010.0
149879,Aschenputtel (2010),Children|Fantasy,2010.0
149900,Freeway Killer (2010),Drama|Horror|Thriller,2010.0
150000,Zot van A (2010),Comedy|Romance,2010.0
150004,Smoorverliefd (2010),(no genres listed),2010.0
150010,Bo (2010),Drama,2010.0
150012,Oxygen (2010),Drama,2010.0
150024,Frits and Freddy (2010),Comedy,2010.0
150052,Turquaze (2010),Children|Drama|Romance,2010.0
150296,Guzaarish (2010),Drama|Romance,2010.0
150320,Raavan (2010),Drama|Sci-Fi,2010.0
150542,Lava Kusa-The Warrior Twins (2010),Animation,2010.0
150546,Africa United (2010),Action|Comedy|Drama,2010.0
150623,Valkaama (2010),Drama,2010.0
150631,Protéger et servir (2010),Comedy,2010.0
150671,Light of My Eyes (2010),(no genres listed),2010.0
151367,Twisted Seduction (2010),Comedy|Romance|Thriller,2010.0
151589,Bloodworth (2010),Drama|Romance,2010.0
151615,Hello Stranger (2010),Drama,2010.0
151623,Adhurs (2010),Action|Comedy|Drama,2010.0
151701,Bloodmoney (2010),(no genres listed),2010.0
151815,Joy (2010),(no genres listed),2010.0
151905,Le Mac (2010),Comedy,2010.0
151907,Pit №8 (2010),Documentary,2010.0
152011,Anjaana Anjaani (2010),Drama|Romance,2010.0
152043,Leader (2010),Drama|Romance,2010.0
152161,What Would Jesus Do? (2010),Children,2010.0
152320,Father (2010),(no genres listed),2010.0
152330,Standing Army (2010),Documentary,2010.0
152497,The Intruder (2010),Horror|Thriller,2010.0
152499,Hisss (2010),Fantasy|Horror|Thriller,2010.0
152567,The Sun Behind the Clouds: Tibet's Struggle for Freedom (2010),(no genres listed),2010.0
152597,Hanamizuki (2010),Drama|Romance,2010.0
152601,The Samurai of Ayothaya (2010),Action|Drama,2010.0
152686,From Me To You (2010),Drama|Romance,2010.0
152711,Who Killed Chea Vichea? (2010),Documentary,2010.0
152747,Foreign Parts (2010),Documentary,2010.0
152806,First Ascent: The Series (2010),Adventure|Documentary,2010.0
153080,Dopo quella notte (2010),Drama,2010.0
153300,Oddsac (2010),Documentary,2010.0
153907,Khaleja (2010),Action|Comedy,2010.0
153957,The Dark Side Of Chocolate (2010),Documentary|Drama,2010.0
154013,Lily Sometimes (2010),Drama,2010.0
154075,Dabangg (2010),Action|Comedy|Crime,2010.0
154077,Khatta Meetha (2010),Comedy|Drama,2010.0
154079,Golmaal 3 (2010),Children|Comedy,2010.0
154081,"Dear Guest, When Will You Leave? (2010)",Comedy,2010.0
154083,Rakht Charitra I (2010),Action|Crime|Drama,2010.0
154085,Kaalo (2010),Horror,2010.0
154192,Sharunas Bartas: An Army of One (2010),Documentary,2010.0
154234,Aung San Suu Kyi - Lady of No Fear (2010),Documentary,2010.0
154300,Homeless: The Motel Kids of Orange County (2010),(no genres listed),2010.0
154378,Kooky (2010),Adventure|Children,2010.0
154490,Lost on Journey (2010),Comedy,2010.0
154514,LelleBelle (2010),Romance,2010.0
154532,Red Eagle (2010),Action|Comedy|Thriller,2010.0
154646,Slow Action (2010),Sci-Fi,2010.0
154676,Dad (2010),Drama,2010.0
154814,Spark of Being (2010),(no genres listed),2010.0
154937,White Wall (2010),Action|Drama|Fantasy|Sci-Fi|Thriller,2010.0
155086,Vinnaithaandi Varuvaayaa (2010),Drama|Romance,2010.0
155109,Long Way Down (2010),Documentary,2010.0
155481,Kenny Chesney - Summer In 3D (2010),(no genres listed),2010.0
155579,DC Showcase: Jonah Hex (2010),Action|Animation|Western,2010.0
155609,Space Tourists (2010),Adventure|Documentary,2010.0
155619,Neue Vahr Süd (2010),Comedy,2010.0
155804,The Buddha (2010),Documentary,2010.0
155858,Brian Eno: Another Green World (2010),Documentary,2010.0
155886,The Sentimental Engine Slayer (2010),(no genres listed),2010.0
156131,Circle of Fury (2010),Action|Adventure,2010.0
156690,The Invited (2010),Horror,2010.0
156700,Monsterwolf (2010),Fantasy|Horror,2010.0
156783,Jimmy Carr: Making People Laugh (2010),Comedy,2010.0
156789,Internet Story (2010),Animation|Drama,2010.0
157051,Där vi en gång gått (2010),Drama,2010.0
157196,Mobile Suit Gundam 00: Awakening of the Trailblazer (2010),Action|Animation|Drama|Sci-Fi,2010.0
157300,My Super Psycho Sweet 16: Part 2 (2010),(no genres listed),2010.0
157310,A Drummer's Dream (2010),Documentary,2010.0
157375,The Cutting Edge: Fire & Ice (2010),Drama|Romance,2010.0
157405,Single By Contract (2010),Comedy|Romance,2010.0
157448,Held Up (2010),Comedy,2010.0
157629,A Barefoot Dream (2010),Drama,2010.0
157633,Attack the Gas Station 2 (2010),Action|Comedy,2010.0
158101,The Kingdom of Solomon (2010),Drama,2010.0
158286,Singam (2010),Action|Comedy|Crime|Drama,2010.0
158304,Sorry if I Want to Marry You (2010),Comedy|Drama|Romance,2010.0
158308,"Burzynski, the Movie (2010)",Documentary,2010.0
158330,The Secret Diaries of Miss Anne Lister (2010),Children|Drama,2010.0
158424,The Builder (2010),(no genres listed),2010.0
158426,Elvis & Madona (2010),(no genres listed),2010.0
158538,Into the Universe with Stephen Hawking (2010),Documentary,2010.0
158607,Skinning (2010),Action|Crime|Drama,2010.0
158611,The Weight of Chains (2010),Documentary,2010.0
158635,Just Between Us (2010),Comedy|Drama,2010.0
158645,Seventy-Two Days (2010),Comedy|Drama,2010.0
158737,Queen of the Sun (2010),Documentary,2010.0
158854,Louis Theroux: Law and Disorder in Lagos (2010),(no genres listed),2010.0
158856,Louis Theroux: America's Medicated Kids (2010),Documentary,2010.0
159081,Les Invités de mon père (2010),Comedy,2010.0
159087,The Beast (2010),Documentary|Drama,2010.0
159167,Bytte Bytte Købmand (2010),Comedy,2010.0
159333,The Liverpool Goalie (2010),Children|Comedy,2010.0
159409,The Stool Pigeon (2010),Action|Drama|Thriller,2010.0
159622,8213: Gacy House (2010),Crime|Horror|Mystery,2010.0
159632,Mr. Dough and the Egg Princess (2010),Animation,2010.0
159656,I Am Slave (2010),Drama|Thriller,2010.0
159731,BECK (2010),Drama,2010.0
159747,Locked In (2010),Drama|Thriller,2010.0
159805,Flamenco Flamenco (2010),(no genres listed),2010.0
159894,Jigsaw - Elimination (2010),Action|Horror|Thriller,2010.0
159982,Douchebag (2010),Comedy|Drama,2010.0
159984,Beş Şehir (2010),(no genres listed),2010.0
160179,Priest of Evil (2010),Action|Thriller,2010.0
160281,Do Dooni Chaar (2010),Comedy|Drama,2010.0
160408,El Estudiante (2010),Drama,2010.0
160446,Khichdi: The Movie (2010),Children|Comedy,2010.0
160448,Love Sex aur Dhokha (2010),Drama,2010.0
160450,Mirch (2010),Drama|Romance,2010.0
160456,Phas Gaye Re Obama (2010),Comedy|Crime,2010.0
160466,When the Dragon Swallowed the Sun (2010),(no genres listed),2010.0
160592,Shocking Blue (2010),Drama,2010.0
160832,"No eres tú, soy yo (2010)",Comedy|Drama|Romance,2010.0
160852,Hospitalité (2010),Comedy,2010.0
161151,Boys on the Run (2010),Comedy|Drama|Romance,2010.0
161426,That Girl in Yellow Boots (2010),Crime|Drama|Mystery|Thriller,2010.0
161622,Revenge of the Bridesmaids (2010),Comedy|Romance,2010.0
162000,Meeting David Wilson (2010),Documentary,2010.0
162004,Liar Game: The Final Stage (2010),Drama|Thriller,2010.0
162260,Deuce of Spades (2010),Drama|Mystery|Thriller,2010.0
162262,Locked Down (2010),Action|Drama|Thriller,2010.0
162334,I Wish I Knew (2010),Documentary,2010.0
162424,Love Like Poison (2010),Drama,2010.0
162958,Moomins and the Comet Chase (2010),Adventure|Animation,2010.0
162960,As If I Am Not There (2010),Drama|War,2010.0
162970,Broken Blade: Book One - The Time of Awakening (2010),Action|Animation|Fantasy,2010.0
162972,Broken Blade: Book Three - The Mark of the Assassin's Dagger (2010),Action|Animation|Fantasy,2010.0
162974,Broken Blade: Book Two - The Split Path (2010),Action|Animation|Fantasy,2010.0
162976,Broken Blade: Book Four - The Earth of Calamity (2010),Action|Animation|Fantasy,2010.0
163140,My Babysitter's a Vampire (2010),Adventure|Children|Comedy|Fantasy,2010.0
163234,Refuge (2010),Drama|Romance,2010.0
163412,Gabi on the Roof in July (2010),Comedy,2010.0
163456,Tees Maar Khan (2010),Action|Comedy,2010.0
163466,Housefull (2010),Comedy|Drama|Romance,2010.0
163482,Haunted Changi (2010),(no genres listed),2010.0
163484,The Vaughn Sister (2010),Comedy|Drama,2010.0
163502,Just Call Me Nobody (2010),Comedy,2010.0
163527,Comedy Central Roast of David Hasselhoff (2010),Comedy,2010.0
163767,Tick Tock Tale (2010),Animation,2010.0
164031,8 (2010),War,2010.0
164214,Devil's Playground (2010),Action|Horror,2010.0
164220,The House of Suh (2010),Crime|Documentary,2010.0
164254,The Big I Am (2010),Crime|Drama|Thriller,2010.0
164258,Reflections of a Blender (2010),Comedy|Drama,2010.0
164306,The House That Drips Blood on Alex (2010),(no genres listed),2010.0
164797,Harriet the Spy: Blog Wars (2010),Children|Comedy|Drama,2010.0
164837,A Heartland Christmas (2010),Children,2010.0
164895,You Are Umasou (2010),Adventure|Animation|Children,2010.0
165021,Risen (2010),Drama,2010.0
165065,Outcast (2010),Fantasy|Horror|Sci-Fi,2010.0
165147,45365 (2010),Documentary,2010.0
165423,Demonic Toys: Personal Demons (2010),Fantasy|Horror,2010.0
165465,The Last Escape (2010),(no genres listed),2010.0
165533,DC Showcase: Green Arrow (2010),Adventure|Animation,2010.0
165541,Be with Me (2010),Drama|Romance|Thriller,2010.0
165545,Sennentuntschi (2010),Horror|Mystery,2010.0
165609,Kajraare (2010),Crime|Drama|Romance,2010.0
165807,The Graves (2010),Adventure|Horror|Thriller,2010.0
165917,The Kid (2010),Drama,2010.0
165919,Circle of Pain (2010),Action|Adventure|Thriller,2010.0
165945,The Last Ronin (2010),Drama,2010.0
166201,The Wish List (2010),Comedy|Drama|Romance,2010.0
166322,Black Sabbath: Paranoid (2010),Documentary,2010.0
166490,David Wants to Fly (2010),Documentary,2010.0
166506,Intimate Grammar (2010),Drama,2010.0
166508,Logan (2010),Children|Comedy|Drama,2010.0
166524,Hello Ghost (2010),Comedy|Drama|Horror,2010.0
166566,Wild Things: Foursome (2010),Crime|Drama|Mystery,2010.0
166679,Uninhabited (2010),Horror|Thriller,2010.0
166697,You Don't Like the Truth: 4 Days Inside Guantanamo (2010),(no genres listed),2010.0
166765,Tri bogatyrya i Shamakhanskaya tsaritsa (2010),Adventure|Animation|Children|Comedy,2010.0
166786,L'autre Dumas (2010),Drama,2010.0
166880,Kevorkian (2010),Documentary,2010.0
166900,Sondheim! The Birthday Concert (2010),(no genres listed),2010.0
166952,Pixels (2010),Sci-Fi,2010.0
167026,Kickassia (2010),Comedy,2010.0
167278,The Ugly Duckling (2010),Animation|Children,2010.0
167384,Casus Belli (2010),(no genres listed),2010.0
167402,Zombie Undead (2010),Horror,2010.0
167710,Hunting Season (2010),Crime|Drama|Mystery|Thriller,2010.0
167780,Superman/Shazam!: The Return of Black Adam (2010),Action|Animation,2010.0
168036,The Good Witch's Gift (2010),Children|Drama|Fantasy,2010.0
168054,After the Fall (2010),Drama,2010.0
168644,Great Migrations (2010),Documentary,2010.0
168678,Devolved (2010),Comedy,2010.0
168762,The Child Wanderers (2010),(no genres listed),2010.0
168836,Kung Fu Wing Chun (2010),Action|Comedy|Romance,2010.0
168842,The Child's Eye (2010),Horror,2010.0
168920,Postcard (2010),Drama|Romance|War,2010.0
168956,Jimi Hendrix: Voodoo Child (2010),Documentary,2010.0
169120,Sketches of Kaitan City (2010),Drama,2010.0
169138,Love & Loathing & Lulu & Ayano (2010),Drama,2010.0
169150,Sawako Decides (2010),Drama,2010.0
169174,Higglety Pigglety Pop! or There Must Be More to Life (2010),Children|Fantasy,2010.0
169468,Lure: Teen Fight Club (2010),Action|Crime|Drama,2010.0
169748,Zombie Christ (2010),Horror,2010.0
169780,Goblin (2010),Fantasy|Horror|Sci-Fi,2010.0
169848,Some Dogs Bite (2010),Drama,2010.0
169872,Chico Xavier (2010),Drama,2010.0
170006,Rainer Werner Fassbinder's World on a Wire: Looking Ahead to Today (2010),Documentary,2010.0
170497,Vine of the Soul: Encounters with Ayahuasca (2010),Documentary,2010.0
170507,You Should Meet My Son (2010),Children|Comedy,2010.0
170693,The Coming Days (2010),Drama|Sci-Fi,2010.0
170765,Between Two Fires (2010),Drama|Romance|Thriller,2010.0
170771,The Recipe (2010),Drama|Mystery|Romance|Thriller,2010.0
170891,The Legend Is Born: Ip Man (2010),Action|Drama,2010.0
170929,Au Revoir Taipei (2010),Comedy,2010.0
171155,Lady Blue Shanghai (2010),Drama|Mystery,2010.0
171189,Charlie Murphy: I Will Not Apologize (2010),Comedy,2010.0
171241,Wound (2010),Fantasy|Horror|Thriller,2010.0
171267,Krackoon (2010),Comedy|Horror,2010.0
171357,Uncle Bob (2010),Documentary,2010.0
171383,Ay Lav Yu (2010),Comedy,2010.0
171393,Eyyvah Eyvah (2010),(no genres listed),2010.0
171413,Romantik Komedi (2010),(no genres listed),2010.0
171433,The Trial (2010),Comedy|Drama|Romance,2010.0
171447,The Fog (2010),Drama|Sci-Fi|War,2010.0
171519,Nasha Russia: Yaytsa sudby (2010),(no genres listed),2010.0
171531,Darling (2010),Drama|Romance,2010.0
171565,Cheech & Chong's Hey Watch This (2010),Comedy|Documentary,2010.0
171591,You're So Cupid (2010),Children|Drama|Fantasy|Romance|Sci-Fi,2010.0
171823,Kołysanka (2010),Comedy,2010.0
171833,Surviving Life (Theory and Practice) (2010),Animation|Comedy|Fantasy,2010.0
172101,For the Good of Others (2010),Drama|Thriller,2010.0
172267,Meant To Be (2010),Comedy|Romance,2010.0
172315,Justin Time (2010),Action|Adventure|Children|Fantasy|Sci-Fi,2010.0
172341,Costa Rican Summer (2010),Comedy,2010.0
172347,Christmas Mail (2010),Children|Comedy,2010.0
172377,A Bela e o Paparazzo (2010),Comedy|Romance,2010.0
172381,Abel (2010),Comedy|Drama,2010.0
172477,Life Cycles (2010),Documentary,2010.0
172509,Paris Express (2010),Action|Comedy|Crime,2010.0
172513,No Need to Grieve (2010),Comedy,2010.0
172515,Hooked on the Game 2. The Next Level (2010),Action|Sci-Fi,2010.0
172517,We Are from the Future 2 (2010),Action|Drama|Fantasy|War,2010.0
172523,Love and the City 2 (2010),Comedy|Romance,2010.0
172559,War Don Don (2010),Crime|Documentary,2010.0
172725,The Secret Life of Chaos (2010),Documentary,2010.0
172851,Avatar: Creating the World of Pandora (2010),Documentary,2010.0
172853,Good Intentions (2010),Comedy,2010.0
172855,Путь к себе (2010),Romance,2010.0
172857,Glukhar v kino (2010),(no genres listed),2010.0
172863,Out Of Order (2010),Comedy,2010.0
173239,Tender Son: The Frankenstein Project (2010),Drama,2010.0
173705,Heroes (2010),Adventure|Drama,2010.0
173749,Macbeth (2010),Drama,2010.0
174227,Heavy Metal Britannia (2010),Documentary,2010.0
174409,PsyWar: The real battlefield is your mind (2010),Documentary,2010.0
174593,Dark World (2010),Fantasy|Mystery|Thriller,2010.0
174621,Unresolved Sexual Tension (2010),Comedy|Romance,2010.0
174861,Van Gogh: Painted with Words (2010),Documentary|Drama,2010.0
175045,Jessicka Rabid (2010),Horror,2010.0
175047,Killer by Nature (2010),Adventure|Crime|Drama|Romance|Thriller,2010.0
175049,The Cursed (2010),Horror|Thriller,2010.0
175051,Truth About Kerry (2010),Drama|Mystery|Thriller,2010.0
175061,The Bad Penny (2010),Drama|Mystery|Thriller,2010.0
175297,Der kleine Nazi (2010),(no genres listed),2010.0
175313,My Good Enemy (2010),Children|Drama,2010.0
175379,God of Love (2010),Comedy|Romance,2010.0
175385,What War May Bring (2010),Drama,2010.0
175417,Puzzled Love (2010),Comedy|Romance,2010.0
175433,Get Out (2010),Animation|Comedy,2010.0
175465,The Blonde with Bare Breasts (2010),Comedy|Drama,2010.0
175469,Minions: Banana (2010),Animation|Children|Comedy,2010.0
175523,The Great Vazquez (2010),Comedy,2010.0
175581,Dock Ellis & The LSD No-No (2010),Animation,2010.0
175715,Dooman River (2010),Drama,2010.0
175787,Minions: Orientation Day (2010),Animation|Children|Comedy,2010.0
175793,A Thousand Times Stronger (2010),Drama,2010.0
175807,Walking Too Fast (2010),Drama|Thriller,2010.0
175873,King's Road (2010),Comedy|Drama,2010.0
175911,The Good Herbs (2010),Drama,2010.0
175943,Fry and Laurie Reunited (2010),Comedy|Documentary,2010.0
176005,Titanic 2 (2010),Action|Adventure|Thriller,2010.0
176007,Joanna (2010),Drama|War,2010.0
176011,A History of Horror with Mark Gatiss (2010),Documentary,2010.0
176119,La peau de chagrin (2010),Drama,2010.0
176155,Pro Lyuboff (2010),Drama|Romance,2010.0
176205,Phobos. Fear Kills (2010),Horror|Thriller,2010.0
176207,The Final Storm (2010),Action|Horror|Mystery|Thriller,2010.0
176379,Unrivaled (2010),Action|Adventure|Drama,2010.0
176537,Herschell Gordon Lewis: The Godfather of Gore (2010),Documentary|Horror,2010.0
176825,The Penitent Man (2010),(no genres listed),2010.0
176887,Murder on the Orient Express (2010),Crime|Mystery,2010.0
176901,Neowolf (2010),Horror|Thriller,2010.0
177007,The External World (2010),Animation|Comedy,2010.0
177009,My Invisible Friend (2010),Comedy|Drama,2010.0
177417,Preferisco il paradiso (2010),Drama,2010.0
177419,Sant'Agostino (2010),Drama,2010.0
177515,The Valdemar Legacy (2010),Horror|Mystery,2010.0
177779,Dusk (2010),Drama,2010.0
177943,Infiltration (2010),Drama,2010.0
178025,Sella Turcica (2010),Horror,2010.0
178051,Cut (2010),Horror|Mystery|Thriller,2010.0
178201,GasHole (2010),Documentary,2010.0
178205,Genetic Chile (2010),Documentary,2010.0
178209,God Went Surfing With The Devil (2010),Documentary,2010.0
178461,Will the Real Terrorist Please Stand Up (2010),(no genres listed),2010.0
178499,A View of Love (2010),Drama,2010.0
178597,Deep in the Woods (2010),Drama|Romance,2010.0
178653,Mourning for Anna (2010),Drama,2010.0
178681,Brødrene Dal og vikingsverdets forbannelse (2010),Adventure|Children|Comedy,2010.0
178683,Danny Boy (2010),Animation|Fantasy,2010.0
178711,Gandu (2010),Drama,2010.0
178717,Otto's Eleven (2010),Comedy,2010.0
178777,Habermann's Mill (2010),Drama|War,2010.0
178863,Stripped Naked (2010),Crime|Drama|Thriller,2010.0
178977,Silent But Deadly (2010),Comedy|Horror,2010.0
179031,ExTerminators (2010),Comedy|Drama,2010.0
179521,Free Willy: Escape From Pirate's Cove (2010),Action|Adventure|Children|Drama,2010.0
179641,Der Meisterdieb (2010),Children|Fantasy,2010.0
179733,The Prince & Me 4: The Elephant Adventure (2010),Comedy|Romance,2010.0
179807,Generation Zero (2010),Documentary,2010.0
179971,Thought of You (2010),(no genres listed),2010.0
179999,Trois petits points (2010),Animation,2010.0
180057,Copacabana (2010),Comedy,2010.0
180125,Patagonia (2010),Adventure|Drama,2010.0
180163,Stanley Pickle (2010),(no genres listed),2010.0
180181,Umbra (2010),Adventure|Animation|Drama|Fantasy,2010.0
180187,Rinco's Restaurant (2010),Drama|Fantasy,2010.0
180305,Paraiso (2010),Drama,2010.0
180313,Dead West (2010),Action|Horror|Western,2010.0
180579,Naan Mahan Alla (2010),Crime|Drama|Romance,2010.0
180651,Planeat (2010),Documentary,2010.0
181063,The Final Prophecies (2010),Documentary,2010.0
181123,Slices of Life (2010),Horror|Sci-Fi|Thriller,2010.0
181201,An Ordinary Execution (2010),Drama,2010.0
181289,Blind Date (2010),Comedy|Romance,2010.0
181345,Benda Bilili! (2010),Documentary,2010.0
181357,Robot Chicken: Star Wars Episode III (2010),Comedy|Sci-Fi,2010.0
181363,Ciacho (2010),Comedy,2010.0
181377,Erratum (2010),(no genres listed),2010.0
181381,Made in Poland (2010),(no genres listed),2010.0
181383,Śniadanie do łóżka (2010),Comedy,2010.0
181387,Zwerbowana miłość (2010),Action|Drama,2010.0
181389,The Christening (2010),Drama,2010.0
181391,Holy Business (2010),Comedy,2010.0
181393,Venice (2010),Drama|Romance,2010.0
181397,Mystification (2010),(no genres listed),2010.0
181399,Little Rose (2010),Drama|Romance,2010.0
181415,Zero (2010),Animation|Drama,2010.0
182705,Action Replayy (2010),Comedy|Drama|Romance,2010.0
182895,Ayirathil Oruvan (2010),Adventure|Fantasy|Mystery|Thriller,2010.0
182929,Yaroslav. A Thousand Years Ago (2010),Action|Drama,2010.0
182975,Dragon Trap (2010),(no genres listed),2010.0
182977,Adını Sen Koy (2010),(no genres listed),2010.0
182983,Ask Your Heart (2010),(no genres listed),2010.0
183257,"Zaytsev, zhgi! Istoriya shoumena (2010)",(no genres listed),2010.0
183289,As Night Falls (2010),Action|Horror,2010.0
183321,The Song of Lunch (2010),Drama,2010.0
183363,Impasse du désir (2010),Thriller,2010.0
183779,The Passion (2010),Comedy,2010.0
184073,The Psycho Legacy (2010),Documentary,2010.0
184219,Break Ke Baad (2010),Comedy|Drama|Romance,2010.0
184487,Who Is Clark Rockefeller? (2010),Crime|Drama|Horror,2010.0
184563,Special Treatment (2010),Comedy|Drama,2010.0
184955,November Christmas (2010),Drama,2010.0
185017,Chasing 3000 (2010),Drama,2010.0
185055,Closed for the Season (2010),Horror,2010.0
185175,Attenborough's Journey (2010),Documentary,2010.0
185289,Weddings and Other Disasters (2010),Comedy,2010.0
185661,WWE: Top 50 Superstars of All Time (2010),Documentary,2010.0
185765,JourneyQuest (2010),Adventure|Comedy|Fantasy,2010.0
185807,Naomi (2010),Drama,2010.0
185825,Eşrefpaşalılar (2010),Comedy|Drama,2010.0
186049,Bedways (2010),Drama|Romance,2010.0
186059,Tag und Nacht (2010),Drama,2010.0
186235,Snap (2010),Drama,2010.0
186245,Dirty Pictures (2010),Documentary,2010.0
186349,Big Bang Big Boom (2010),Animation,2010.0
186351,Wisdom Teeth (2010),Animation|Comedy,2010.0
186411,Summer Coda (2010),Drama|Romance,2010.0
186413,Dancing Across Borders (2010),Documentary,2010.0
186417,The Road to Coronation Street (2010),Drama,2010.0
186419,The Life of Fish (2010),Drama|Romance,2010.0
186421,Worried About the Boy (2010),Drama,2010.0
186427,Dark Metropolis (2010),Sci-Fi,2010.0
186503,Civil Courage (2010),Drama,2010.0
186651,Pranchiyettan & The Saint (2010),Children|Comedy,2010.0
186919,Unearthed (2010),Action|Adventure|Horror|Sci-Fi,2010.0
187363,Extreme Happiness (2010),Drama,2010.0
187535,Bróder (2010),Drama,2010.0
187657,Daddy I Do (2010),Documentary,2010.0
187697,"Metallica/Slayer/Megadeth/Anthrax: The Big 4 - Live from Sofia, Bulgaria (2010)",(no genres listed),2010.0
187949,Furious Love (2010),Documentary,2010.0
188051,Nosferatu. Uzhas nochi (2010),Animation,2010.0
188159,The Revelation of the Pyramids (2010),Documentary,2010.0
188165,El sicario: Room 164 (2010),Documentary,2010.0
188651,Muita Calma Nessa Hora (2010),Comedy,2010.0
188657,Mamma Gógó (2010),Comedy|Drama,2010.0
188699,World Peace and Other 4th Grade Achievements (2010),Documentary,2010.0
188907,Utopia in Four Movements (2010),(no genres listed),2010.0
188945,Janeane Garofalo: If You Will (2010),Comedy,2010.0
189059,Des Kaisers neue Kleider (2010),Children|Fantasy,2010.0
189147,V Centuria. Searching For a Charmed Treasure (2010),Adventure|Comedy,2010.0
189289,"Here Comes the Bride, My Mom! (2010)",Drama|Romance,2010.0
189291,Solanin (2010),Drama|Romance,2010.0
189499,The Con Artist (2010),Comedy,2010.0
189547,Iron Soldier (2010),Action|Sci-Fi,2010.0
189573,Freshman Father (2010),(no genres listed),2010.0
189611,Lunch Line (2010),(no genres listed),2010.0
189677,Monster High: New Ghoul at School (2010),Animation|Children,2010.0
189757,Camping 2 (2010),Comedy,2010.0
189887,Josef Fritzl: The Story of a Monster (2010),Crime|Documentary|Drama,2010.0
189939,Faith (2010),Drama,2010.0
190041,Chronological Order (2010),Sci-Fi,2010.0
190167,Winter Vacation (2010),Drama,2010.0
190185,Spring Fever (2010),Drama|Romance,2010.0
190243,A Family Thanksgiving (2010),Comedy|Fantasy,2010.0
190387,12 Jahre (2010),(no genres listed),2010.0
190445,Nodame Cantabile: The Movie II (2010),Drama|Romance,2010.0
190583,Goa (2010),Comedy|Romance,2010.0
190785,The Portal (2010),Horror,2010.0
190927,Whitney Cummings: Money Shot (2010),Comedy,2010.0
191159,Cold Sweat (2010),Action|Horror|Thriller,2010.0
191349,America The Story of Us (2010),Documentary,2010.0
191505,Brindaavanam (2010),Action|Drama|Romance,2010.0
191741,Golden Slumber (2010),Action|Comedy|Drama|Mystery|Thriller,2010.0
191743,Hahaha (2010),Comedy|Drama|Romance,2010.0
191769,Permanent Nobara (2010),Comedy|Drama|Romance,2010.0
191777,Revenge: A Love Story (2010),Thriller,2010.0
191779,10½ (2010),Drama,2010.0
191833,Den Brother (2010),Children,2010.0
191875,The April Chill (2010),Drama,2010.0
191909,The House of Steinbrenner (2010),Documentary,2010.0
192069,Boss Engira Bhaskaran (2010),Action|Comedy|Drama,2010.0
192147,Acoustic (2010),Drama,2010.0
192199,Takumi-kun Series: Details of Beauty (2010),Drama,2010.0
192353,L'essence des formes : Robert Bresson déforme les sens (2010),(no genres listed),2010.0
192413,Bear Nation (2010),Documentary,2010.0
192567,Problem Child: Leslie Jones (2010),Comedy,2010.0
192687,Piché: Entre Ciel et Terre (2010),Adventure|Drama,2010.0
192917,Flying Lessons (2010),Drama,2010.0
193005,David Blaine: What Is Magic? (2010),Documentary,2010.0
193155,Let the Game Begin (2010),Comedy|Romance,2010.0
193233,Off Limits (2010),Crime|Drama|Thriller,2010.0
193389,Sunstroke (2010),Drama,2010.0
193501,FIT (2010),Comedy|Drama,2010.0
193551,"Look, Stranger (2010)",Drama,2010.0
193565,Gintama: The Movie (2010),Action|Animation|Comedy|Sci-Fi,2010.0
193665,Beyond the Steppes (2010),Drama,2010.0
193926,Ormie (2010),Animation|Children,2010.0
193928,Simon Amstell: Do Nothing - Live (2010),Comedy,2010.0
194314,Billy Bishop Goes to War (2010),(no genres listed),2010.0
194330,Habana Eva (2010),Comedy|Romance,2010.0
194534,Decoy (2010),Crime|Drama|Romance,2010.0
194576,No Reason (2010),Horror|Thriller,2010.0
194781,Bloodlines (2010),Crime,2010.0
195059,Sisters of War (2010),Drama|War,2010.0
195273,Happy Ending (2010),Comedy,2010.0
195603,Shirome (2010),Horror,2010.0
195897,Out of Sight (2010),Animation,2010.0
195981,Scrat's Continental Crack-Up (2010),Animation,2010.0
196145,Jordan (2010),(no genres listed),2010.0
196235,The Golden Mean (2010),Adventure,2010.0
196277,Embargo (2010),Comedy|Drama,2010.0
196313,Truce (2010),Drama,2010.0
196467,"Moscow, I Love You! (2010)",Comedy|Romance,2010.0
196865,Stomp the Yard 2: Homecoming (2010),Drama,2010.0
196965,Fate/Stay Night: Unlimited Blade Works (2010),Action|Animation|Fantasy,2010.0
197161,A Requiem For Bobby Fischer (2010),(no genres listed),2010.0
197241,Let There Be Light: The Odyssey of Dark Star (2010),Documentary|Sci-Fi,2010.0
197571,Knifer (2010),Drama,2010.0
197937,"Oscar Saa, Technician of the Stars (2010)",Documentary,2010.0
197939,María Teresa and the Brown Dwarf (2010),Documentary,2010.0
197941,"Chile, a Galaxy of Problems (2010)",(no genres listed),2010.0
198009,Eamon (2010),Comedy|Drama|Romance,2010.0
198029,Before the World Ends (2010),Adventure|Drama,2010.0
198035,Brownian Movement (2010),Drama|Romance,2010.0
198041,Monica & David (2010),Documentary,2010.0
198047,Dos Hermanos (2010),(no genres listed),2010.0
198061,A Night in 67 (2010),Documentary,2010.0
198269,García (2010),Drama,2010.0
198537,A Useful Life (2010),Comedy|Drama|Romance,2010.0
198659,Red Hook (2010),Comedy|Drama|Horror|Thriller,2010.0
198835,The Greatest Czechs (2010),Comedy,2010.0
198889,Iris: The Movie (2010),Action|Adventure|Drama|Romance,2010.0
198895,Death Bell 2 (2010),Horror,2010.0
198897,Desire To Kill (2010),Thriller,2010.0
198899,Hello Murderer (2010),Comedy|Thriller,2010.0
198925,Dead Cert (2010),Action|Horror|Thriller,2010.0
199097,Amphetamine (2010),Drama,2010.0
199119,Order of Chaos (2010),Thriller,2010.0
199179,"Madagascar, a Journey Diary (2010)",Animation,2010.0
199692,Home Makeover (2010),Animation|Children|Comedy,2010.0
199694,Despicable Me Presents: Minion Madness (2010),Adventure|Animation|Children|Comedy,2010.0
199820,BKO: Bangkok Knockout (2010),Action|Thriller,2010.0
199832,How to Train Your Dragon - Legends (2010),Adventure|Animation|Children,2010.0
199918,Rainbow Magic: Return to Rainspell Island (2010),Adventure|Animation|Children,2010.0
199988,Ninjas vs. Vampires (2010),Action|Comedy|Horror|Thriller,2010.0
200010,Nudist (2010),Drama,2010.0
200106,The Best That Never Was (2010),Documentary,2010.0
200172,Du ritar fult (2010),Drama,2010.0
200184,Nakenlekar (2010),Comedy,2010.0
200188,Ta mig (2010),Comedy,2010.0
200350,Copenhagen Dreams (2010),(no genres listed),2010.0
200356,BearCity (2010),Comedy|Romance,2010.0
200396,Detective Conan: The Lost Ship in the Sky (2010),Action|Adventure|Animation|Crime,2010.0
200570,The Kate Logan affair (2010),Drama|Thriller,2010.0
200676,Ramayana: The Epic (2010),Animation,2010.0
201038,Helldriver (2010),Horror|Sci-Fi,2010.0
201338,Uncorked (2010),Drama|Romance,2010.0
201382,Is It Just Me? (2010),Comedy|Drama|Romance,2010.0
201430,DC Showcase: The Spectre (2010),Animation|Crime|Mystery,2010.0
202141,Cleveland Versus Wall Street (2010),Documentary,2010.0
202291,La venganza de Ira Vamp (2010),Comedy|Horror,2010.0
203469,The Case of Itaewon Homicide (2010),Crime|Mystery|Thriller,2010.0
203890,Manmadhan Ambu (2010),Comedy,2010.0
204270,Romeo and Juliet: Shakespeare's Globe Theatre (2010),Drama|Romance,2010.0
204336,Secret Origin: The Story of DC Comics (2010),Documentary,2010.0
204422,Voyage to Metropolis (2010),Documentary|Drama|Sci-Fi,2010.0
204508,The Unforgiving (2010),Horror|Thriller,2010.0
204890,The Singularity Is Near (2010),Documentary,2010.0
204896,Ne skazhu (2010),(no genres listed),2010.0
205002,The Irony of Love (2010),Comedy|Romance,2010.0
205006,Gutter King (2010),Action,2010.0
205188,Henri 4 (2010),Drama|War,2010.0
205341,Island: Wedding of the Zombies (2010),Comedy|Horror,2010.0
205369,22nd of May (2010),Drama|Fantasy|Thriller,2010.0
205685,"Lula, the Son of Brazil (2010)",Drama,2010.0
205719,Sandcastle (2010),Drama,2010.0
205723,The Two Deaths of Quincas Wateryell (2010),Comedy|Drama,2010.0
205727,"Goodbye, Someday (2010)",Drama|Romance,2010.0
206087,Gorbaciof (2010),Drama|Romance,2010.0
206289,Storm Seekers (2010),Action|Thriller,2010.0
206317,Chongqing Blues (2010),Drama,2010.0
206411,Oscar Niemeyer: Life is a Breath of Air (2010),Documentary,2010.0
206823,Wake the Witch (2010),Horror|Thriller,2010.0
206829,Classic Albums: The Beach Boys - Pet Sounds (2010),Documentary,2010.0
207205,Perfect Plan (2010),Thriller,2010.0
207259,Thamizh Padam (2010),Comedy,2010.0
207335,The Lady Shogun and Her Men (2010),Drama|Sci-Fi,2010.0
207481,The First World War From Above (2010),Documentary,2010.0
208389,Tomme tønner (2010),Action|Comedy,2010.0
208565,St. Roz (2010),Children|Comedy|Drama,2010.0
209005,Paris The Luminous Years (2010),Documentary,2010.0
